id,code,trail,file,created_by,updated_by,created_at,updated_at
281,CCC-JTHC-7964,418,,78,78,2025-11-18 14:49:05-03,2025-11-18 14:49:05-03
282,CCC-KHFD-2824,419,,4,4,2025-01-13 13:18:02-03,2025-01-13 13:18:02-03
283,CCC-NDII-2752,420,,126,126,2025-02-23 18:37:29-03,2025-02-23 18:37:29-03
284,CCC-DBOE-0989,421,,5,5,2025-09-06 15:50:34-03,2025-09-06 15:50:34-03
285,CCC-PZHH-9846,422,,51,51,2025-01-16 19:56:54-03,2025-01-16 19:56:54-03
286,CCC-SXXP-1276,423,,186,186,2025-08-26 09:20:26-03,2025-08-26 09:20:26-03
287,CCC-FPWD-4136,424,,177,177,2025-01-16 17:11:01-03,2025-01-16 17:11:01-03
288,CCC-OAMO-4464,425,,4,4,2025-05-18 16:30:47-03,2025-05-18 16:30:47-03
289,CCC-GEAW-6038,426,,110,110,2025-03-31 19:07:23-03,2025-03-31 19:07:23-03
292,CCC-PKUW-7067,429,,182,182,2025-07-24 15:59:05-03,2025-07-24 15:59:05-03
293,CCC-SMND-2271,430,,101,101,2025-03-22 10:18:48-03,2025-03-22 10:18:48-03
294,CCC-IPEY-5963,431,,159,159,2025-07-07 13:51:59-03,2025-07-07 13:51:59-03
295,CCC-EDPY-3081,432,,149,149,2025-10-14 18:48:54-03,2025-10-14 18:48:54-03
296,CCC-DAUT-9469,433,,115,115,2026-02-09 19:15:37-03,2026-02-09 19:15:37-03
297,CCC-EJOL-1910,434,,183,183,2025-01-09 13:59:44-03,2025-01-09 13:59:44-03
298,CCC-HFJX-8589,435,,168,168,2025-05-21 09:14:21-03,2025-05-21 09:14:21-03
299,CCC-TMIZ-5896,436,,30,30,2025-05-05 18:16:58-03,2025-05-05 18:16:58-03
300,CCC-QKBC-3111,437,,11,11,2025-05-02 17:58:54-03,2025-05-02 17:58:54-03
301,CCC-WDCR-3242,438,,41,41,2025-10-18 16:39:42-03,2025-10-18 16:39:42-03
302,CCC-MAUZ-4610,439,,151,151,2025-05-29 09:48:09-03,2025-05-29 09:48:09-03
303,CCC-PZNW-6273,440,,49,49,2025-02-13 16:29:04-03,2025-02-13 16:29:04-03
304,CCC-WIDN-4939,441,,106,106,2025-01-31 18:14:25-03,2025-01-31 18:14:25-03
305,CCC-ACMK-6013,442,,43,43,2025-06-03 19:18:42-03,2025-06-03 19:18:42-03
306,CCC-EFTZ-8025,443,,177,177,2025-05-24 17:00:42-03,2025-05-24 17:00:42-03
307,CCC-TTTT-1070,444,,198,198,2025-08-13 14:37:33-03,2025-08-13 14:37:33-03
308,CCC-YKPR-0292,445,,138,138,2025-08-12 16:57:28-03,2025-08-12 16:57:28-03
309,CCC-FWKF-2135,446,,27,27,2025-04-14 14:57:32-03,2025-04-14 14:57:32-03
310,CCC-ULBP-5932,447,,181,181,2025-04-05 08:39:57-03,2025-04-05 08:39:57-03
311,CCC-CYPY-9816,448,,28,28,2025-10-18 17:14:12-03,2025-10-18 17:14:12-03
312,CCC-DWNB-3214,449,,43,43,2025-10-21 09:09:35-03,2025-10-21 09:09:35-03
314,CCC-ITPA-0187,451,,199,199,2025-11-24 13:20:21-03,2025-11-24 13:20:21-03
315,CCC-XHIA-3482,452,,8,8,2025-09-05 19:59:59-03,2025-09-05 19:59:59-03
316,CCC-DLYR-4097,453,,13,13,2025-09-21 17:02:54-03,2025-09-21 17:02:54-03
317,CCC-ACCA-3736,454,,91,91,2025-08-29 14:50:26-03,2025-08-29 14:50:26-03
319,CCC-UATU-5174,456,,168,168,2025-08-31 15:29:59-03,2025-08-31 15:29:59-03
320,CCC-DMNR-4035,457,,136,136,2025-04-02 08:04:20-03,2025-04-02 08:04:20-03
321,CCC-JNPW-1001,458,,46,46,2025-04-12 15:59:34-03,2025-04-12 15:59:34-03
322,CCC-MAGY-1902,459,,15,15,2025-02-12 09:46:14-03,2025-02-12 09:46:14-03
323,CCC-EDKG-6186,460,,91,91,2026-02-15 09:35:09-03,2026-02-15 09:35:09-03
325,CCC-PXWE-4285,462,,105,105,2025-07-10 08:01:26-03,2025-07-10 08:01:26-03
