id,trail,finishedAt,trackedPath,route,mapUrl,published_at,created_by,updated_by,created_at,updated_at
2435,420,2025-02-22 10:47:38.449-03,,2,http://localhost:1337/trail-route-map.html?id=2435,2025-02-22 13:58:12.094-03,126,126,2025-02-22 09:46:52.306-03,2026-02-20 23:30:04.670658-03
2440,420,2025-02-25 07:01:56.771-03,,7,http://localhost:1337/trail-route-map.html?id=2440,2025-02-23 08:43:20.25-03,126,126,2025-02-24 08:52:19.045-03,2026-02-20 23:30:04.670658-03
2445,420,2025-02-27 07:28:10.759-03,,12,http://localhost:1337/trail-route-map.html?id=2445,2025-02-24 07:08:12.017-03,126,126,2025-02-26 10:02:54.148-03,2026-02-20 23:30:04.670658-03
2449,421,2025-09-09 09:06:14.933-03,,11,http://localhost:1337/trail-route-map.html?id=2449,2025-09-02 10:48:53.628-03,5,5,2025-09-06 07:32:21.305-03,2026-02-20 23:30:04.670658-03
2452,421,2025-09-12 07:34:11.866-03,,8,http://localhost:1337/trail-route-map.html?id=2452,2025-09-03 15:47:42.248-03,5,5,2025-09-11 08:26:14.933-03,2026-02-20 23:30:04.670658-03
2453,421,2025-09-18 10:00:42.984-03,,7,http://localhost:1337/trail-route-map.html?id=2453,2025-09-04 13:29:21.736-03,5,5,2025-09-12 07:34:11.866-03,2026-02-20 23:30:04.670658-03
2454,421,2025-09-22 09:39:32.819-03,,6,http://localhost:1337/trail-route-map.html?id=2454,2025-09-04 18:17:47.111-03,5,5,2025-09-18 10:00:42.984-03,2026-02-20 23:30:04.670658-03
2456,421,2025-09-27 10:38:37.716-03,,4,http://localhost:1337/trail-route-map.html?id=2456,2025-09-05 16:43:50.858-03,5,5,2025-09-23 08:50:17.562-03,2026-02-20 23:30:04.670658-03
2457,421,2025-10-01 08:22:08.558-03,,3,http://localhost:1337/trail-route-map.html?id=2457,2025-09-06 08:36:58.033-03,5,5,2025-09-27 10:38:37.716-03,2026-02-20 23:30:04.670658-03
2459,421,2025-10-02 09:51:44.743-03,,1,http://localhost:1337/trail-route-map.html?id=2459,2025-09-06 15:50:34-03,5,5,2025-10-02 06:24:03.712-03,2026-02-20 23:30:04.670658-03
2461,422,2025-01-12 07:26:26.003-03,,2,http://localhost:1337/trail-route-map.html?id=2461,2025-01-11 08:00:46.706-03,51,51,2025-01-11 09:24:33.878-03,2026-02-20 23:30:04.670658-03
2462,422,2025-01-15 10:06:57.699-03,,3,http://localhost:1337/trail-route-map.html?id=2462,2025-01-11 15:32:38.184-03,51,51,2025-01-12 07:26:26.003-03,2026-02-20 23:30:04.670658-03
2463,422,2025-01-20 06:50:09.487-03,,4,http://localhost:1337/trail-route-map.html?id=2463,2025-01-12 09:52:31.788-03,51,51,2025-01-15 10:06:57.699-03,2026-02-20 23:30:04.670658-03
2464,422,2025-01-21 06:00:41.709-03,,5,http://localhost:1337/trail-route-map.html?id=2464,2025-01-12 16:12:19.452-03,51,51,2025-01-20 06:50:09.487-03,2026-02-20 23:30:04.670658-03
2465,422,2025-01-24 10:32:15.424-03,,6,http://localhost:1337/trail-route-map.html?id=2465,2025-01-13 09:31:45.126-03,51,51,2025-01-21 06:00:41.709-03,2026-02-20 23:30:04.670658-03
2466,422,2025-01-31 07:50:32.811-03,,7,http://localhost:1337/trail-route-map.html?id=2466,2025-01-14 08:30:36.907-03,51,51,2025-01-24 10:32:15.424-03,2026-02-20 23:30:04.670658-03
2469,422,2025-02-03 06:18:09.114-03,,10,http://localhost:1337/trail-route-map.html?id=2469,2025-01-15 15:46:35.443-03,51,51,2025-02-02 06:48:09.114-03,2026-02-20 23:30:04.670658-03
2470,422,2025-02-06 07:40:22.729-03,,11,http://localhost:1337/trail-route-map.html?id=2470,2025-01-16 09:07:46.498-03,51,51,2025-02-03 06:18:09.114-03,2026-02-20 23:30:04.670658-03
2471,422,2025-02-10 08:56:07.68-03,,12,http://localhost:1337/trail-route-map.html?id=2471,2025-01-16 16:55:20.525-03,51,51,2025-02-06 07:40:22.729-03,2026-02-20 23:30:04.670658-03
2482,423,2025-08-29 06:20:37.328-03,,10,http://localhost:1337/trail-route-map.html?id=2482,2025-08-26 06:01:36.537-03,186,186,2025-08-28 09:03:14.377-03,2026-02-20 23:30:04.670658-03
2486,424,2025-01-11 06:38:10.982-03,,1,http://localhost:1337/trail-route-map.html?id=2486,2025-01-10 14:27:34.161-03,177,177,2025-01-10 08:11:01-03,2026-02-20 23:30:04.670658-03
2487,424,2025-01-11 09:39:36.927-03,,2,http://localhost:1337/trail-route-map.html?id=2487,2025-01-10 18:34:02.613-03,177,177,2025-01-11 06:38:10.982-03,2026-02-20 23:30:04.670658-03
2488,424,2025-01-15 07:04:53.048-03,,3,http://localhost:1337/trail-route-map.html?id=2488,2025-01-11 14:04:07.06-03,177,177,2025-01-11 09:39:36.927-03,2026-02-20 23:30:04.670658-03
2489,424,2025-01-19 08:29:20.383-03,,4,http://localhost:1337/trail-route-map.html?id=2489,2025-01-12 07:38:14.695-03,177,177,2025-01-15 07:04:53.048-03,2026-02-20 23:30:04.670658-03
2490,424,2025-01-20 07:39:16.549-03,,5,http://localhost:1337/trail-route-map.html?id=2490,2025-01-12 14:03:25.623-03,177,177,2025-01-19 08:29:20.383-03,2026-02-20 23:30:04.670658-03
2492,424,2025-01-30 08:56:02.851-03,,7,http://localhost:1337/trail-route-map.html?id=2492,2025-01-13 18:31:55.826-03,177,177,2025-01-24 06:54:00.508-03,2026-02-20 23:30:04.670658-03
2493,424,2025-01-31 08:03:03.531-03,,8,http://localhost:1337/trail-route-map.html?id=2493,2025-01-14 10:41:02.382-03,177,177,2025-01-30 08:56:02.851-03,2026-02-20 23:30:04.670658-03
2494,424,2025-02-01 07:53:03.531-03,,9,http://localhost:1337/trail-route-map.html?id=2494,2025-01-14 18:56:36.488-03,177,177,2025-01-31 08:03:03.531-03,2026-02-20 23:30:04.670658-03
2496,424,2025-02-05 08:31:12.908-03,,11,http://localhost:1337/trail-route-map.html?id=2496,2025-01-16 07:26:03.556-03,177,177,2025-02-02 07:23:03.531-03,2026-02-20 23:30:04.670658-03
2497,424,2025-02-09 09:28:41.938-03,,12,http://localhost:1337/trail-route-map.html?id=2497,2025-01-16 15:09:48.332-03,177,177,2025-02-05 08:31:12.908-03,2026-02-20 23:30:04.670658-03
2498,424,2025-02-09 10:43:41.938-03,,13,http://localhost:1337/trail-route-map.html?id=2498,2025-01-16 17:11:01-03,177,177,2025-02-09 09:28:41.938-03,2026-02-20 23:30:04.670658-03
2499,425,2025-05-17 07:39:45.362-03,,1,http://localhost:1337/trail-route-map.html?id=2499,2025-05-17 07:24:40.452-03,4,4,2025-05-17 06:30:47-03,2026-02-20 23:30:04.670658-03
2500,425,2025-05-17 08:40:09.662-03,,2,http://localhost:1337/trail-route-map.html?id=2500,2025-05-17 13:55:57.643-03,4,4,2025-05-17 07:39:45.362-03,2026-02-20 23:30:04.670658-03
2505,425,2025-05-19 09:52:44.771-03,,7,http://localhost:1337/trail-route-map.html?id=2505,2025-05-18 09:05:33.876-03,4,4,2025-05-19 06:43:30.525-03,2026-02-20 23:30:04.670658-03
2511,425,2025-05-21 10:53:31.86-03,,13,http://localhost:1337/trail-route-map.html?id=2511,2025-05-18 16:30:47-03,4,4,2025-05-21 10:15:30.848-03,2026-02-20 23:30:04.670658-03
2514,426,2025-04-02 07:45:09.012-03,,11,http://localhost:1337/trail-route-map.html?id=2514,2025-03-26 16:47:05.33-03,110,110,2025-03-30 06:46:30.078-03,2026-02-20 23:30:04.670658-03
2515,426,2025-04-03 07:15:09.012-03,,10,http://localhost:1337/trail-route-map.html?id=2515,2025-03-27 10:03:41.769-03,110,110,2025-04-02 07:45:09.012-03,2026-02-20 23:30:04.670658-03
2516,426,2025-04-04 07:05:09.012-03,,9,http://localhost:1337/trail-route-map.html?id=2516,2025-03-27 17:42:04.485-03,110,110,2025-04-03 07:15:09.012-03,2026-02-20 23:30:04.670658-03
2517,426,2025-04-05 06:11:36.96-03,,8,http://localhost:1337/trail-route-map.html?id=2517,2025-03-28 08:44:59.474-03,110,110,2025-04-04 07:05:09.012-03,2026-02-20 23:30:04.670658-03
2518,426,2025-04-11 07:57:40.474-03,,7,http://localhost:1337/trail-route-map.html?id=2518,2025-03-29 07:30:29.116-03,110,110,2025-04-05 06:11:36.96-03,2026-02-20 23:30:04.670658-03
2519,426,2025-04-15 06:54:48.951-03,,6,http://localhost:1337/trail-route-map.html?id=2519,2025-03-29 15:52:51.856-03,110,110,2025-04-11 07:57:40.474-03,2026-02-20 23:30:04.670658-03
2520,426,2025-04-16 06:04:03.73-03,,5,http://localhost:1337/trail-route-map.html?id=2520,2025-03-30 07:25:09.862-03,110,110,2025-04-15 06:54:48.951-03,2026-02-20 23:30:04.670658-03
2521,426,2025-04-20 07:06:10.747-03,,4,http://localhost:1337/trail-route-map.html?id=2521,2025-03-30 16:23:57.644-03,110,110,2025-04-16 06:04:03.73-03,2026-02-20 23:30:04.670658-03
2522,426,2025-04-23 09:12:08.598-03,,3,http://localhost:1337/trail-route-map.html?id=2522,2025-03-31 09:37:52.072-03,110,110,2025-04-20 07:06:10.747-03,2026-02-20 23:30:04.670658-03
2448,421,2025-09-06 07:32:21.305-03,,12,http://localhost:1337/trail-route-map.html?id=2448,2025-09-01 18:11:07.903-03,5,5,2025-09-02 06:00:00-03,2026-02-20 22:58:12.438728-03
2513,426,2025-03-30 06:46:30.078-03,,12,http://localhost:1337/trail-route-map.html?id=2513,2025-03-26 08:27:09.115-03,110,110,2025-03-26 06:00:00-03,2026-02-20 22:58:12.438728-03
2525,427,2026-02-10 19:22:30.405-03,,1,http://localhost:1337/trail-route-map.html?id=2525,2026-02-11 08:31:55.991-03,16,16,2026-02-10 15:56:05-03,2026-02-20 22:58:12.438728-03
2527,427,2026-02-15 08:03:11.116-03,,3,http://localhost:1337/trail-route-map.html?id=2527,2026-02-12 14:41:48.147-03,16,16,2026-02-12 06:00:00-03,2026-02-20 22:58:12.438728-03
2552,429,2025-07-23 06:20:31.099-03,,12,http://localhost:1337/trail-route-map.html?id=2552,2025-07-19 06:04:04.983-03,182,182,2025-07-19 06:00:00-03,2026-02-20 22:58:12.438728-03
2420,418,2025-12-15 07:35:31.822-03,,1,http://localhost:1337/trail-route-map.html?id=2420,2025-11-18 14:49:05-03,78,78,2025-12-14 09:07:05.668-03,2026-02-20 23:30:04.670658-03
2439,420,2025-02-24 08:52:19.045-03,,6,http://localhost:1337/trail-route-map.html?id=2439,2025-02-23 06:34:32.98-03,126,126,2025-02-24 06:39:19.607-03,2026-02-20 23:30:04.670658-03
2565,430,2025-03-17 09:00:08.153-03,,2,http://localhost:1337/trail-route-map.html?id=2565,2025-03-17 07:40:17.938-03,101,101,2025-03-17 06:00:00-03,2026-02-20 22:58:12.438728-03
2632,435,2025-05-21 08:26:51.934-03,,4,http://localhost:1337/trail-route-map.html?id=2632,2025-05-20 15:13:11.465-03,168,168,2025-05-21 06:00:00-03,2026-02-20 22:58:12.438728-03
2643,436,2025-05-04 10:23:54.511-03,,12,http://localhost:1337/trail-route-map.html?id=2643,2025-05-01 09:20:10.485-03,30,30,2025-05-01 06:00:00-03,2026-02-20 22:58:12.438728-03
2670,438,2025-10-18 07:59:18.438-03,,3,http://localhost:1337/trail-route-map.html?id=2670,2025-10-17 18:00:26.827-03,41,41,2025-10-18 06:00:00-03,2026-02-20 22:58:12.438728-03
2523,426,2025-04-24 07:12:58.5-03,,2,http://localhost:1337/trail-route-map.html?id=2523,2025-03-31 15:40:31.424-03,110,110,2025-04-23 09:12:08.598-03,2026-02-20 23:30:04.670658-03
2524,426,2025-04-24 10:39:25.044-03,,1,http://localhost:1337/trail-route-map.html?id=2524,2025-03-31 19:07:23-03,110,110,2025-04-24 07:12:58.5-03,2026-02-20 23:30:04.670658-03
2526,427,2026-02-11 09:15:00.561-03,,2,http://localhost:1337/trail-route-map.html?id=2526,2026-02-11 16:43:23.727-03,16,16,2026-02-11 06:14:13.652-03,2026-02-20 23:30:04.670658-03
2528,427,2026-02-19 09:00:31.129-03,,4,http://localhost:1337/trail-route-map.html?id=2528,2026-02-13 15:07:50.021-03,16,16,2026-02-15 08:03:11.116-03,2026-02-20 23:30:04.670658-03
2529,427,2026-02-20 08:09:33.536-03,,5,http://localhost:1337/trail-route-map.html?id=2529,2026-02-14 09:53:47.131-03,16,16,2026-02-19 09:00:31.129-03,2026-02-20 23:30:04.670658-03
2530,427,2026-02-24 06:59:56.106-03,,6,http://localhost:1337/trail-route-map.html?id=2530,2026-02-15 08:07:54.21-03,16,16,2026-02-20 08:09:33.536-03,2026-02-20 23:30:04.670658-03
2531,427,2026-03-02 08:38:06.159-03,,7,http://localhost:1337/trail-route-map.html?id=2531,2026-02-16 13:04:15.756-03,16,16,2026-02-24 06:59:56.106-03,2026-02-20 23:30:04.670658-03
2532,427,2026-03-03 07:44:13.723-03,,8,http://localhost:1337/trail-route-map.html?id=2532,2026-02-17 06:41:50.672-03,16,16,2026-03-02 08:38:06.159-03,2026-02-20 23:30:04.670658-03
2537,427,,,13,http://localhost:1337/trail-route-map.html?id=2537,,16,16,2026-03-12 08:23:03.89-03,2026-02-21 00:42:51.139355-03
2898,466,2025-02-18 10:11:57.621-03,,3,http://localhost:1337/trail-route-map.html?id=2898,2025-02-16 16:56:04.397-03,185,185,2025-02-16 06:00:00-03,2026-02-20 22:58:12.438728-03
2533,427,2026-03-04 07:34:13.723-03,,9,http://localhost:1337/trail-route-map.html?id=2533,2026-02-18 06:05:22.403-03,16,16,2026-03-03 07:44:13.723-03,2026-02-20 23:30:04.670658-03
2534,427,2026-03-05 07:04:13.723-03,,10,http://localhost:1337/trail-route-map.html?id=2534,2026-02-18 18:04:35.918-03,16,16,2026-03-04 07:34:13.723-03,2026-02-20 23:30:04.670658-03
2535,427,2026-03-08 07:52:01.14-03,,11,http://localhost:1337/trail-route-map.html?id=2535,2026-02-19 16:09:05.177-03,16,16,2026-03-05 07:04:13.723-03,2026-02-20 23:30:04.670658-03
2536,427,2026-03-12 08:23:03.89-03,,12,http://localhost:1337/trail-route-map.html?id=2536,2026-02-20 14:22:10.841-03,16,16,2026-03-08 07:52:01.14-03,2026-02-20 23:30:04.670658-03
2538,428,2026-02-11 09:28:38.539-03,,1,http://localhost:1337/trail-route-map.html?id=2538,2026-02-11 16:20:40.549-03,5,5,2026-02-11 08:19:55-03,2026-02-20 23:30:04.670658-03
2539,428,2026-02-11 10:28:49.858-03,,2,http://localhost:1337/trail-route-map.html?id=2539,2026-02-12 08:57:14.929-03,5,5,2026-02-11 09:28:38.539-03,2026-02-20 23:30:04.670658-03
2540,428,2026-02-12 07:28:37.808-03,,3,http://localhost:1337/trail-route-map.html?id=2540,2026-02-13 06:31:28.699-03,5,5,2026-02-11 10:28:49.858-03,2026-02-20 23:30:04.670658-03
2541,428,2026-02-12 09:55:55.172-03,,4,http://localhost:1337/trail-route-map.html?id=2541,2026-02-13 18:51:00.74-03,5,5,2026-02-12 07:28:37.808-03,2026-02-20 23:30:04.670658-03
2542,428,2026-02-13 06:18:50.029-03,,5,http://localhost:1337/trail-route-map.html?id=2542,2026-02-14 14:31:20.99-03,5,5,2026-02-12 09:55:55.172-03,2026-02-20 23:30:04.670658-03
2543,428,2026-02-13 08:31:23.152-03,,6,http://localhost:1337/trail-route-map.html?id=2543,2026-02-15 10:57:13.331-03,5,5,2026-02-13 06:18:50.029-03,2026-02-20 23:30:04.670658-03
2544,428,2026-02-14 06:40:23.356-03,,7,http://localhost:1337/trail-route-map.html?id=2544,2026-02-16 14:29:53.206-03,5,5,2026-02-13 08:31:23.152-03,2026-02-20 23:30:04.670658-03
2549,428,2026-02-16 07:01:06.11-03,,12,http://localhost:1337/trail-route-map.html?id=2549,2026-02-20 14:24:06.888-03,5,5,2026-02-15 09:36:18.24-03,2026-02-20 23:30:04.670658-03
2553,429,2025-07-26 06:59:11.707-03,,11,http://localhost:1337/trail-route-map.html?id=2553,2025-07-19 14:38:00.007-03,182,182,2025-07-23 06:20:31.099-03,2026-02-20 23:30:04.670658-03
2421,419,2025-01-07 16:33:02-03,,13,http://localhost:1337/trail-route-map.html?id=2421,2025-01-07 17:27:09.477-03,4,4,2025-01-07 15:18:02-03,2026-02-20 22:58:12.438728-03
2422,419,2025-01-12 07:51:39.317-03,,12,http://localhost:1337/trail-route-map.html?id=2422,2025-01-08 09:30:24.1-03,4,4,2025-01-08 06:00:00-03,2026-02-20 22:58:12.438728-03
2409,418,2025-11-18 08:05:36.392-03,,12,http://localhost:1337/trail-route-map.html?id=2409,2025-11-13 18:29:51.109-03,78,78,2025-11-14 06:04:05-03,2026-02-20 23:30:04.670658-03
2423,419,2025-01-15 09:40:23.011-03,,11,http://localhost:1337/trail-route-map.html?id=2423,2025-01-08 17:01:27.544-03,4,4,2025-01-12 07:51:39.317-03,2026-02-20 23:30:04.670658-03
2424,419,2025-01-16 09:10:23.011-03,,10,http://localhost:1337/trail-route-map.html?id=2424,2025-01-09 09:37:15.945-03,4,4,2025-01-15 09:40:23.011-03,2026-02-20 23:30:04.670658-03
2425,419,2025-01-17 09:00:23.011-03,,9,http://localhost:1337/trail-route-map.html?id=2425,2025-01-09 17:18:58.617-03,4,4,2025-01-16 09:10:23.011-03,2026-02-20 23:30:04.670658-03
2427,419,2025-01-24 10:52:07.103-03,,7,http://localhost:1337/trail-route-map.html?id=2427,2025-01-10 18:31:26.697-03,4,4,2025-01-18 08:08:55.839-03,2026-02-20 23:30:04.670658-03
2428,419,2025-01-28 10:48:29.6-03,,6,http://localhost:1337/trail-route-map.html?id=2428,2025-01-11 10:31:25.308-03,4,4,2025-01-24 10:52:07.103-03,2026-02-20 23:30:04.670658-03
2429,419,2025-01-29 09:59:50.632-03,,5,http://localhost:1337/trail-route-map.html?id=2429,2025-01-11 16:49:58.844-03,4,4,2025-01-28 10:48:29.6-03,2026-02-20 23:30:04.670658-03
2430,419,2025-02-03 07:07:37.756-03,,4,http://localhost:1337/trail-route-map.html?id=2430,2025-01-12 10:20:06.2-03,4,4,2025-01-29 09:59:50.632-03,2026-02-20 23:30:04.670658-03
2431,419,2025-02-06 10:06:56.657-03,,3,http://localhost:1337/trail-route-map.html?id=2431,2025-01-12 17:56:17.899-03,4,4,2025-02-03 07:07:37.756-03,2026-02-20 23:30:04.670658-03
2432,419,2025-02-07 08:09:18.132-03,,2,http://localhost:1337/trail-route-map.html?id=2432,2025-01-13 08:13:57.908-03,4,4,2025-02-06 10:06:56.657-03,2026-02-20 23:30:04.670658-03
2433,419,2025-02-08 06:37:29.209-03,,1,http://localhost:1337/trail-route-map.html?id=2433,2025-01-13 13:18:02-03,4,4,2025-02-07 08:09:18.132-03,2026-02-20 23:30:04.670658-03
2556,429,2025-07-28 10:24:46.773-03,,8,http://localhost:1337/trail-route-map.html?id=2556,2025-07-21 07:11:23.916-03,182,182,2025-07-28 06:19:11.707-03,2026-02-20 23:30:04.670658-03
2557,429,2025-08-04 06:47:21.569-03,,7,http://localhost:1337/trail-route-map.html?id=2557,2025-07-21 18:20:49.342-03,182,182,2025-07-28 10:24:46.773-03,2026-02-20 23:30:04.670658-03
2558,429,2025-08-07 10:20:52.389-03,,6,http://localhost:1337/trail-route-map.html?id=2558,2025-07-22 13:47:08.152-03,182,182,2025-08-04 06:47:21.569-03,2026-02-20 23:30:04.670658-03
2560,429,2025-08-12 10:05:08.933-03,,4,http://localhost:1337/trail-route-map.html?id=2560,2025-07-23 13:36:18.144-03,182,182,2025-08-08 09:29:13.704-03,2026-02-20 23:30:04.670658-03
2561,429,2025-08-16 06:49:49.77-03,,3,http://localhost:1337/trail-route-map.html?id=2561,2025-07-24 06:31:18.445-03,182,182,2025-08-12 10:05:08.933-03,2026-02-20 23:30:04.670658-03
2563,429,2025-08-17 08:15:43.172-03,,1,http://localhost:1337/trail-route-map.html?id=2563,2025-07-24 15:59:05-03,182,182,2025-08-16 09:50:00.894-03,2026-02-20 23:30:04.670658-03
2564,430,2025-03-16 17:44:29.147-03,,1,http://localhost:1337/trail-route-map.html?id=2564,2025-03-16 17:29:21.691-03,101,101,2025-03-16 14:18:48-03,2026-02-20 23:30:04.670658-03
2567,430,2025-03-25 06:13:29.086-03,,4,http://localhost:1337/trail-route-map.html?id=2567,2025-03-18 08:09:12.888-03,101,101,2025-03-20 10:42:09.092-03,2026-02-20 23:30:04.670658-03
2568,430,2025-03-25 10:21:38.118-03,,5,http://localhost:1337/trail-route-map.html?id=2568,2025-03-18 14:12:04.843-03,101,101,2025-03-25 06:13:29.086-03,2026-02-20 23:30:04.670658-03
2569,430,2025-03-29 08:48:39.675-03,,6,http://localhost:1337/trail-route-map.html?id=2569,2025-03-19 06:35:47.084-03,101,101,2025-03-25 10:21:38.118-03,2026-02-20 23:30:04.670658-03
2570,430,2025-04-04 10:03:32.579-03,,7,http://localhost:1337/trail-route-map.html?id=2570,2025-03-19 17:31:23.227-03,101,101,2025-03-29 08:48:39.675-03,2026-02-20 23:30:04.670658-03
2571,430,2025-04-05 09:08:47.407-03,,8,http://localhost:1337/trail-route-map.html?id=2571,2025-03-20 08:21:10.379-03,101,101,2025-04-04 10:03:32.579-03,2026-02-20 23:30:04.670658-03
2572,430,2025-04-06 08:58:47.407-03,,9,http://localhost:1337/trail-route-map.html?id=2572,2025-03-20 15:46:20.527-03,101,101,2025-04-05 09:08:47.407-03,2026-02-20 23:30:04.670658-03
2573,430,2025-04-07 08:28:47.407-03,,10,http://localhost:1337/trail-route-map.html?id=2573,2025-03-21 08:00:09.743-03,101,101,2025-04-06 08:58:47.407-03,2026-02-20 23:30:04.670658-03
2574,430,2025-04-10 08:57:03.215-03,,11,http://localhost:1337/trail-route-map.html?id=2574,2025-03-21 16:02:10.499-03,101,101,2025-04-07 08:28:47.407-03,2026-02-20 23:30:04.670658-03
2575,430,2025-04-14 09:02:45.014-03,,12,http://localhost:1337/trail-route-map.html?id=2575,2025-03-22 08:15:07.894-03,101,101,2025-04-10 08:57:03.215-03,2026-02-20 23:30:04.670658-03
2576,430,2025-04-14 10:17:45.014-03,,13,http://localhost:1337/trail-route-map.html?id=2576,2025-03-22 10:18:48-03,101,101,2025-04-14 09:02:45.014-03,2026-02-20 23:30:04.670658-03
2580,431,2025-07-08 07:27:11.77-03,,4,http://localhost:1337/trail-route-map.html?id=2580,2025-07-06 15:48:33.546-03,159,159,2025-07-07 10:00:05.323-03,2026-02-20 23:30:04.670658-03
2586,431,2025-07-10 10:13:44.516-03,,10,http://localhost:1337/trail-route-map.html?id=2586,2025-07-07 13:49:43.993-03,159,159,2025-07-10 07:58:12.744-03,2026-02-20 23:30:04.670658-03
2587,431,2025-07-11 07:05:01.714-03,,11,http://localhost:1337/trail-route-map.html?id=2587,2025-07-07 14:41:38.93-03,159,159,2025-07-10 10:13:44.516-03,2026-02-20 23:30:04.670658-03
2588,431,2025-07-11 09:29:38.855-03,,12,http://localhost:1337/trail-route-map.html?id=2588,2025-07-07 15:35:59.248-03,159,159,2025-07-11 07:05:01.714-03,2026-02-20 23:30:04.670658-03
2589,431,2025-07-11 10:07:16.802-03,,13,http://localhost:1337/trail-route-map.html?id=2589,2025-07-07 13:51:59-03,159,159,2025-07-11 09:29:38.855-03,2026-02-20 23:30:04.670658-03
2590,432,2025-10-13 10:26:31.654-03,,13,http://localhost:1337/trail-route-map.html?id=2590,2025-10-13 13:44:45.78-03,149,149,2025-10-13 09:48:54-03,2026-02-20 23:30:04.670658-03
2591,432,2025-10-14 07:51:07.971-03,,12,http://localhost:1337/trail-route-map.html?id=2591,2025-10-13 15:13:34.985-03,149,149,2025-10-13 10:26:31.654-03,2026-02-20 23:30:04.670658-03
2592,432,2025-10-14 09:42:24.112-03,,11,http://localhost:1337/trail-route-map.html?id=2592,2025-10-13 16:31:21.576-03,149,149,2025-10-14 07:51:07.971-03,2026-02-20 23:30:04.670658-03
2593,432,2025-10-15 06:57:48.508-03,,10,http://localhost:1337/trail-route-map.html?id=2593,2025-10-13 17:55:29.816-03,149,149,2025-10-14 09:42:24.112-03,2026-02-20 23:30:04.670658-03
2594,432,2025-10-15 09:23:13.581-03,,9,http://localhost:1337/trail-route-map.html?id=2594,2025-10-14 06:17:27.802-03,149,149,2025-10-15 06:57:48.508-03,2026-02-20 23:30:04.670658-03
2595,432,2025-10-15 10:44:47.768-03,,8,http://localhost:1337/trail-route-map.html?id=2595,2025-10-14 07:21:49.535-03,149,149,2025-10-15 09:23:13.581-03,2026-02-20 23:30:04.670658-03
2596,432,2025-10-16 08:53:29.304-03,,7,http://localhost:1337/trail-route-map.html?id=2596,2025-10-14 15:17:04.339-03,149,149,2025-10-15 10:44:47.768-03,2026-02-20 23:30:04.670658-03
2704,441,2025-01-25 16:37:29.846-03,,1,http://localhost:1337/trail-route-map.html?id=2704,2025-01-25 16:48:55.287-03,106,106,2025-01-25 13:14:25-03,2026-02-20 22:58:12.438728-03
2705,441,2025-01-26 08:57:51.279-03,,2,http://localhost:1337/trail-route-map.html?id=2705,2025-01-26 07:48:26.907-03,106,106,2025-01-26 06:00:00-03,2026-02-20 22:58:12.438728-03
2597,432,2025-10-17 06:05:48.831-03,,6,http://localhost:1337/trail-route-map.html?id=2597,2025-10-14 16:40:59.519-03,149,149,2025-10-16 08:53:29.304-03,2026-02-20 23:30:04.670658-03
2598,432,2025-10-17 07:28:18.241-03,,5,http://localhost:1337/trail-route-map.html?id=2598,2025-10-14 17:43:49.392-03,149,149,2025-10-17 06:05:48.831-03,2026-02-20 23:30:04.670658-03
2599,432,2025-10-17 09:55:19.38-03,,4,http://localhost:1337/trail-route-map.html?id=2599,2025-10-15 06:13:59.779-03,149,149,2025-10-17 07:28:18.241-03,2026-02-20 23:30:04.670658-03
2600,432,2025-10-18 06:54:53.679-03,,3,http://localhost:1337/trail-route-map.html?id=2600,2025-10-15 07:38:42.233-03,149,149,2025-10-17 09:55:19.38-03,2026-02-20 23:30:04.670658-03
2601,432,2025-10-18 07:54:44.553-03,,2,http://localhost:1337/trail-route-map.html?id=2601,2025-10-15 13:49:03.2-03,149,149,2025-10-18 06:54:53.679-03,2026-02-20 23:30:04.670658-03
2602,432,2025-10-18 09:03:03.995-03,,1,http://localhost:1337/trail-route-map.html?id=2602,2025-10-14 18:48:54-03,149,149,2025-10-18 07:54:44.553-03,2026-02-20 23:30:04.670658-03
2603,433,2026-02-08 09:23:56.068-03,,1,http://localhost:1337/trail-route-map.html?id=2603,2026-02-08 09:18:39.271-03,115,115,2026-02-08 08:15:37-03,2026-02-20 23:30:04.670658-03
2604,433,2026-02-08 10:23:45.958-03,,2,http://localhost:1337/trail-route-map.html?id=2604,2026-02-08 14:00:10.503-03,115,115,2026-02-08 09:23:56.068-03,2026-02-20 23:30:04.670658-03
2605,433,2026-02-09 07:23:19.122-03,,3,http://localhost:1337/trail-route-map.html?id=2605,2026-02-08 15:33:46.933-03,115,115,2026-02-08 10:23:45.958-03,2026-02-20 23:30:04.670658-03
2606,433,2026-02-09 09:50:18.306-03,,4,http://localhost:1337/trail-route-map.html?id=2606,2026-02-08 17:24:05.901-03,115,115,2026-02-09 07:23:19.122-03,2026-02-20 23:30:04.670658-03
2607,433,2026-02-10 06:12:43.651-03,,5,http://localhost:1337/trail-route-map.html?id=2607,2026-02-08 18:29:42.563-03,115,115,2026-02-09 09:50:18.306-03,2026-02-20 23:30:04.670658-03
2608,433,2026-02-10 08:25:00.415-03,,6,http://localhost:1337/trail-route-map.html?id=2608,2026-02-09 07:03:25.252-03,115,115,2026-02-10 06:12:43.651-03,2026-02-20 23:30:04.670658-03
2609,433,2026-02-11 06:33:37.294-03,,7,http://localhost:1337/trail-route-map.html?id=2609,2026-02-09 09:34:28.074-03,115,115,2026-02-10 08:25:00.415-03,2026-02-20 23:30:04.670658-03
2610,433,2026-02-11 07:55:04.783-03,,8,http://localhost:1337/trail-route-map.html?id=2610,2026-02-09 14:03:17.304-03,115,115,2026-02-11 06:33:37.294-03,2026-02-20 23:30:04.670658-03
2611,433,2026-02-11 10:20:10.681-03,,9,http://localhost:1337/trail-route-map.html?id=2611,2026-02-09 15:35:04.636-03,115,115,2026-02-11 07:55:04.783-03,2026-02-20 23:30:04.670658-03
2612,433,2026-02-12 07:35:15.125-03,,10,http://localhost:1337/trail-route-map.html?id=2612,2026-02-09 17:02:46.798-03,115,115,2026-02-11 10:20:10.681-03,2026-02-20 23:30:04.670658-03
2613,433,2026-02-12 09:26:26.83-03,,11,http://localhost:1337/trail-route-map.html?id=2613,2026-02-09 18:34:35.035-03,115,115,2026-02-12 07:35:15.125-03,2026-02-20 23:30:04.670658-03
2614,433,2026-02-13 06:50:56.833-03,,12,http://localhost:1337/trail-route-map.html?id=2614,2026-02-10 07:05:32.985-03,115,115,2026-02-12 09:26:26.83-03,2026-02-20 23:30:04.670658-03
2615,433,2026-02-13 07:28:27.194-03,,13,http://localhost:1337/trail-route-map.html?id=2615,2026-02-09 19:15:37-03,115,115,2026-02-13 06:50:56.833-03,2026-02-20 23:30:04.670658-03
2616,434,2025-01-03 18:24:26.627-03,,1,http://localhost:1337/trail-route-map.html?id=2616,2025-01-03 18:19:15.947-03,183,183,2025-01-03 14:59:44-03,2026-02-20 23:30:04.670658-03
2618,434,2025-01-07 10:14:23.841-03,,3,http://localhost:1337/trail-route-map.html?id=2618,2025-01-04 16:03:39.067-03,183,183,2025-01-04 08:59:16.906-03,2026-02-20 23:30:04.670658-03
2619,434,2025-01-11 10:12:41.479-03,,4,http://localhost:1337/trail-route-map.html?id=2619,2025-01-05 08:49:38.506-03,183,183,2025-01-07 10:14:23.841-03,2026-02-20 23:30:04.670658-03
2620,434,2025-01-12 09:19:39.934-03,,5,http://localhost:1337/trail-route-map.html?id=2620,2025-01-05 14:43:56.574-03,183,183,2025-01-11 10:12:41.479-03,2026-02-20 23:30:04.670658-03
2621,434,2025-01-16 07:17:01.099-03,,6,http://localhost:1337/trail-route-map.html?id=2621,2025-01-06 07:18:45.35-03,183,183,2025-01-12 09:19:39.934-03,2026-02-20 23:30:04.670658-03
2622,434,2025-01-22 08:01:43.602-03,,7,http://localhost:1337/trail-route-map.html?id=2622,2025-01-06 17:51:23.021-03,183,183,2025-01-16 07:17:01.099-03,2026-02-20 23:30:04.670658-03
2623,434,2025-01-23 07:05:48.698-03,,8,http://localhost:1337/trail-route-map.html?id=2623,2025-01-07 08:58:47.883-03,183,183,2025-01-22 08:01:43.602-03,2026-02-20 23:30:04.670658-03
2624,434,2025-01-24 06:55:48.698-03,,9,http://localhost:1337/trail-route-map.html?id=2624,2025-01-07 16:53:23.464-03,183,183,2025-01-23 07:05:48.698-03,2026-02-20 23:30:04.670658-03
2625,434,2025-01-25 06:25:48.698-03,,10,http://localhost:1337/trail-route-map.html?id=2625,2025-01-08 09:20:59.233-03,183,183,2025-01-24 06:55:48.698-03,2026-02-20 23:30:04.670658-03
2626,434,2025-01-28 06:29:15.449-03,,11,http://localhost:1337/trail-route-map.html?id=2626,2025-01-08 17:13:53.031-03,183,183,2025-01-25 06:25:48.698-03,2026-02-20 23:30:04.670658-03
2628,434,2025-02-01 07:17:44.145-03,,13,http://localhost:1337/trail-route-map.html?id=2628,2025-01-09 13:59:44-03,183,183,2025-02-01 06:02:44.145-03,2026-02-20 23:30:04.670658-03
2629,435,2025-05-20 14:22:30.361-03,,1,http://localhost:1337/trail-route-map.html?id=2629,2025-05-20 13:35:50.295-03,168,168,2025-05-20 13:14:21-03,2026-02-20 23:30:04.670658-03
2776,447,2025-03-30 10:54:57-03,,13,http://localhost:1337/trail-route-map.html?id=2776,2025-03-30 13:30:43.035-03,181,181,2025-03-30 09:39:57-03,2026-02-20 22:58:12.438728-03
2777,447,2025-04-03 09:09:29.851-03,,12,http://localhost:1337/trail-route-map.html?id=2777,2025-03-31 06:06:17.458-03,181,181,2025-03-31 06:00:00-03,2026-02-20 22:58:12.438728-03
2788,448,2025-10-12 10:35:44.951-03,,1,http://localhost:1337/trail-route-map.html?id=2788,2025-10-12 13:30:05.528-03,28,28,2025-10-12 07:14:12-03,2026-02-20 22:58:12.438728-03
2789,448,2025-10-12 16:27:36.334-03,,2,http://localhost:1337/trail-route-map.html?id=2789,2025-10-12 17:11:11.654-03,28,28,2025-10-12 13:31:05.528-03,2026-02-20 22:58:12.438728-03
2790,448,2025-10-15 10:55:35.337-03,,3,http://localhost:1337/trail-route-map.html?id=2790,2025-10-13 10:04:12.433-03,28,28,2025-10-13 06:00:00-03,2026-02-20 22:58:12.438728-03
2630,435,2025-05-20 15:22:11.751-03,,2,http://localhost:1337/trail-route-map.html?id=2630,2025-05-20 14:01:04.75-03,168,168,2025-05-20 14:22:30.361-03,2026-02-20 23:30:04.670658-03
2631,435,2025-05-20 17:21:39.017-03,,3,http://localhost:1337/trail-route-map.html?id=2631,2025-05-20 14:34:51.519-03,168,168,2025-05-20 15:22:11.751-03,2026-02-20 23:30:04.670658-03
2639,435,2025-05-24 08:01:19.564-03,,11,http://localhost:1337/trail-route-map.html?id=2639,2025-05-21 06:32:43.691-03,168,168,2025-05-24 06:10:13.343-03,2026-02-20 23:30:04.670658-03
2644,436,2025-05-07 10:19:04.2-03,,11,http://localhost:1337/trail-route-map.html?id=2644,2025-05-01 16:02:26.231-03,30,30,2025-05-04 10:23:54.511-03,2026-02-20 23:30:04.670658-03
2645,436,2025-05-08 09:49:04.2-03,,10,http://localhost:1337/trail-route-map.html?id=2645,2025-05-02 08:13:05.463-03,30,30,2025-05-07 10:19:04.2-03,2026-02-20 23:30:04.670658-03
2647,436,2025-05-10 08:42:37.334-03,,8,http://localhost:1337/trail-route-map.html?id=2647,2025-05-02 18:45:01.285-03,30,30,2025-05-09 09:39:04.2-03,2026-02-20 23:30:04.670658-03
2648,436,2025-05-16 09:12:36.314-03,,7,http://localhost:1337/trail-route-map.html?id=2648,2025-05-03 15:20:47.612-03,30,30,2025-05-10 08:42:37.334-03,2026-02-20 23:30:04.670658-03
2649,436,2025-05-20 06:54:37.777-03,,6,http://localhost:1337/trail-route-map.html?id=2649,2025-05-04 07:05:23.319-03,30,30,2025-05-16 09:12:36.314-03,2026-02-20 23:30:04.670658-03
2651,436,2025-05-24 10:39:45.562-03,,4,http://localhost:1337/trail-route-map.html?id=2651,2025-05-04 18:48:23.522-03,30,30,2025-05-21 06:00:55.818-03,2026-02-20 23:30:04.670658-03
2652,436,2025-05-28 06:38:03.234-03,,3,http://localhost:1337/trail-route-map.html?id=2652,2025-05-05 10:43:40.268-03,30,30,2025-05-24 10:39:45.562-03,2026-02-20 23:30:04.670658-03
2653,436,2025-05-28 09:36:44.945-03,,2,http://localhost:1337/trail-route-map.html?id=2653,2025-05-05 15:31:52.609-03,30,30,2025-05-28 06:38:03.234-03,2026-02-20 23:30:04.670658-03
2658,437,2025-05-03 07:32:32.701-03,,4,http://localhost:1337/trail-route-map.html?id=2658,2025-05-01 17:05:36.292-03,11,11,2025-05-02 10:05:48.006-03,2026-02-20 23:30:04.670658-03
2665,437,2025-05-06 07:05:19.957-03,,11,http://localhost:1337/trail-route-map.html?id=2665,2025-05-02 17:25:21.829-03,11,11,2025-05-05 10:14:19.211-03,2026-02-20 23:30:04.670658-03
2668,438,2025-10-17 16:47:36.886-03,,1,http://localhost:1337/trail-route-map.html?id=2668,2025-10-17 16:19:21.679-03,41,41,2025-10-17 15:39:42-03,2026-02-20 23:30:04.670658-03
2669,438,2025-10-17 17:47:05.6-03,,2,http://localhost:1337/trail-route-map.html?id=2669,2025-10-17 16:55:02.495-03,41,41,2025-10-17 16:47:36.886-03,2026-02-20 23:30:04.670658-03
2671,438,2025-10-18 10:25:59.518-03,,4,http://localhost:1337/trail-route-map.html?id=2671,2025-10-18 06:13:30.06-03,41,41,2025-10-18 07:59:18.438-03,2026-02-20 23:30:04.670658-03
2672,438,2025-10-19 06:47:55.699-03,,5,http://localhost:1337/trail-route-map.html?id=2672,2025-10-18 07:03:15.234-03,41,41,2025-10-18 10:25:59.518-03,2026-02-20 23:30:04.670658-03
2673,438,2025-10-19 08:59:56.171-03,,6,http://localhost:1337/trail-route-map.html?id=2673,2025-10-18 14:03:04.807-03,41,41,2025-10-19 06:47:55.699-03,2026-02-20 23:30:04.670658-03
2674,438,2025-10-20 07:08:09.82-03,,7,http://localhost:1337/trail-route-map.html?id=2674,2025-10-18 15:40:11.751-03,41,41,2025-10-19 08:59:56.171-03,2026-02-20 23:30:04.670658-03
2675,438,2025-10-20 08:29:08.494-03,,8,http://localhost:1337/trail-route-map.html?id=2675,2025-10-18 16:24:25.068-03,41,41,2025-10-20 07:08:09.82-03,2026-02-20 23:30:04.670658-03
2676,438,2025-10-20 10:53:01.849-03,,9,http://localhost:1337/trail-route-map.html?id=2676,2025-10-18 17:32:01.551-03,41,41,2025-10-20 08:29:08.494-03,2026-02-20 23:30:04.670658-03
2677,438,2025-10-21 08:06:58.77-03,,10,http://localhost:1337/trail-route-map.html?id=2677,2025-10-18 18:31:07.835-03,41,41,2025-10-20 10:53:01.849-03,2026-02-20 23:30:04.670658-03
2851,454,2025-08-28 08:57:14.311-03,,1,http://localhost:1337/trail-route-map.html?id=2851,2025-08-28 14:26:35.268-03,91,91,2025-08-28 07:50:26-03,2026-02-20 22:58:12.438728-03
2852,454,2025-08-28 15:26:05.682-03,,2,http://localhost:1337/trail-route-map.html?id=2852,2025-08-28 18:43:07.853-03,91,91,2025-08-28 14:27:35.268-03,2026-02-20 22:58:12.438728-03
2853,454,2025-08-29 07:58:37.302-03,,3,http://localhost:1337/trail-route-map.html?id=2853,2025-08-29 14:50:26-03,91,91,2025-08-29 06:00:00-03,2026-02-20 22:58:12.438728-03
2857,456,2025-08-30 15:06:21.131-03,,13,http://localhost:1337/trail-route-map.html?id=2857,2025-08-30 16:26:01.326-03,168,168,2025-08-30 14:29:59-03,2026-02-20 22:58:12.438728-03
2858,456,2025-08-30 18:50:24.91-03,,12,http://localhost:1337/trail-route-map.html?id=2858,2025-08-31 08:15:31.027-03,168,168,2025-08-30 16:27:01.326-03,2026-02-20 22:58:12.438728-03
2859,456,2025-08-31 10:06:51.204-03,,11,http://localhost:1337/trail-route-map.html?id=2859,2025-08-31 15:29:59-03,168,168,2025-08-31 08:16:31.027-03,2026-02-20 22:58:12.438728-03
2860,457,2025-03-27 15:19:20-03,,13,http://localhost:1337/trail-route-map.html?id=2860,2025-03-27 16:11:16.798-03,136,136,2025-03-27 14:04:20-03,2026-02-20 22:58:12.438728-03
2861,457,2025-03-31 08:27:30.987-03,,12,http://localhost:1337/trail-route-map.html?id=2861,2025-03-30 10:21:15.02-03,136,136,2025-03-28 06:00:00-03,2026-02-20 22:58:12.438728-03
2863,458,2025-04-11 15:35:54.492-03,,13,http://localhost:1337/trail-route-map.html?id=2863,2025-04-11 16:50:29.29-03,46,46,2025-04-11 14:59:34-03,2026-02-20 22:58:12.438728-03
2864,458,2025-04-11 19:14:51.253-03,,12,http://localhost:1337/trail-route-map.html?id=2864,2025-04-12 08:52:08.919-03,46,46,2025-04-11 16:51:29.29-03,2026-02-20 22:58:12.438728-03
2869,460,2026-02-09 16:50:09-03,,13,http://localhost:1337/trail-route-map.html?id=2869,2026-02-09 17:30:11.11-03,91,91,2026-02-09 15:35:09-03,2026-02-20 22:58:12.438728-03
2870,460,2026-02-13 08:23:12.574-03,,12,http://localhost:1337/trail-route-map.html?id=2870,2026-02-12 14:26:33.274-03,91,91,2026-02-10 06:00:00-03,2026-02-20 22:58:12.438728-03
2875,462,2025-07-04 10:16:26-03,,13,http://localhost:1337/trail-route-map.html?id=2875,2025-07-04 13:08:23.937-03,105,105,2025-07-04 09:01:26-03,2026-02-20 22:58:12.438728-03
2876,462,2025-07-08 08:20:21.476-03,,12,http://localhost:1337/trail-route-map.html?id=2876,2025-07-07 14:07:59.262-03,105,105,2025-07-05 06:00:00-03,2026-02-20 22:58:12.438728-03
2878,463,2025-12-02 07:03:29.018-03,,1,http://localhost:1337/trail-route-map.html?id=2878,2025-12-02 06:20:35.889-03,10,10,2025-12-01 08:43:33-03,2026-02-20 22:58:12.438728-03
2678,438,2025-10-21 09:57:56.782-03,,11,http://localhost:1337/trail-route-map.html?id=2678,2025-10-19 06:37:09.664-03,41,41,2025-10-21 08:06:58.77-03,2026-02-20 23:30:04.670658-03
2679,438,2025-10-22 07:22:08.991-03,,12,http://localhost:1337/trail-route-map.html?id=2679,2025-10-18 16:39:42-03,41,41,2025-10-21 09:57:56.782-03,2026-02-20 23:30:04.670658-03
2680,439,2025-05-24 10:11:40.359-03,,1,http://localhost:1337/trail-route-map.html?id=2680,2025-05-24 09:48:12.648-03,151,151,2025-05-24 06:48:09-03,2026-02-20 23:30:04.670658-03
2681,439,2025-05-25 08:09:54.855-03,,2,http://localhost:1337/trail-route-map.html?id=2681,2025-05-24 16:25:46.268-03,151,151,2025-05-24 10:11:40.359-03,2026-02-20 23:30:04.670658-03
2682,439,2025-05-28 08:53:50.483-03,,3,http://localhost:1337/trail-route-map.html?id=2682,2025-05-25 08:17:00.453-03,151,151,2025-05-25 08:09:54.855-03,2026-02-20 23:30:04.670658-03
2683,439,2025-06-01 08:13:49.669-03,,4,http://localhost:1337/trail-route-map.html?id=2683,2025-05-25 15:38:11.818-03,151,151,2025-05-28 08:53:50.483-03,2026-02-20 23:30:04.670658-03
2684,439,2025-06-02 07:19:22.173-03,,5,http://localhost:1337/trail-route-map.html?id=2684,2025-05-26 06:12:31.895-03,151,151,2025-06-01 08:13:49.669-03,2026-02-20 23:30:04.670658-03
2685,439,2025-06-05 09:42:18.926-03,,6,http://localhost:1337/trail-route-map.html?id=2685,2025-05-26 13:38:46.485-03,151,151,2025-06-02 07:19:22.173-03,2026-02-20 23:30:04.670658-03
2686,439,2025-06-11 09:51:11.684-03,,7,http://localhost:1337/trail-route-map.html?id=2686,2025-05-27 08:42:33.511-03,151,151,2025-06-05 09:42:18.926-03,2026-02-20 23:30:04.670658-03
2687,439,2025-06-12 08:53:51.858-03,,8,http://localhost:1337/trail-route-map.html?id=2687,2025-05-27 14:32:53.58-03,151,151,2025-06-11 09:51:11.684-03,2026-02-20 23:30:04.670658-03
2688,439,2025-06-13 08:43:51.858-03,,9,http://localhost:1337/trail-route-map.html?id=2688,2025-05-28 06:28:30.408-03,151,151,2025-06-12 08:53:51.858-03,2026-02-20 23:30:04.670658-03
2689,439,2025-06-14 08:13:51.858-03,,10,http://localhost:1337/trail-route-map.html?id=2689,2025-05-28 14:02:48.161-03,151,151,2025-06-13 08:43:51.858-03,2026-02-20 23:30:04.670658-03
2690,439,2025-06-17 07:48:31.744-03,,11,http://localhost:1337/trail-route-map.html?id=2690,2025-05-29 06:03:20.441-03,151,151,2025-06-14 08:13:51.858-03,2026-02-20 23:30:04.670658-03
2691,439,2025-06-21 06:44:38.546-03,,12,http://localhost:1337/trail-route-map.html?id=2691,2025-05-29 09:48:09-03,151,151,2025-06-17 07:48:31.744-03,2026-02-20 23:30:04.670658-03
2698,440,2025-02-15 07:27:19.022-03,,7,http://localhost:1337/trail-route-map.html?id=2698,2025-02-13 08:38:37.927-03,49,49,2025-02-14 09:19:13.926-03,2026-02-20 23:30:04.670658-03
2703,440,2025-02-17 06:25:58.415-03,,2,http://localhost:1337/trail-route-map.html?id=2703,2025-02-13 16:29:04-03,49,49,2025-02-16 10:26:40.679-03,2026-02-20 23:30:04.670658-03
2706,441,2025-01-29 09:30:35.662-03,,3,http://localhost:1337/trail-route-map.html?id=2706,2025-01-26 16:08:54.008-03,106,106,2025-01-26 08:57:51.279-03,2026-02-20 23:30:04.670658-03
2707,441,2025-02-02 08:36:50.367-03,,4,http://localhost:1337/trail-route-map.html?id=2707,2025-01-27 10:33:13.016-03,106,106,2025-01-29 09:30:35.662-03,2026-02-20 23:30:04.670658-03
2709,441,2025-02-06 09:52:27.087-03,,6,http://localhost:1337/trail-route-map.html?id=2709,2025-01-28 10:15:45.522-03,106,106,2025-02-03 07:41:50.896-03,2026-02-20 23:30:04.670658-03
2710,441,2025-02-12 09:48:15.064-03,,7,http://localhost:1337/trail-route-map.html?id=2710,2025-01-29 09:37:22.082-03,106,106,2025-02-06 09:52:27.087-03,2026-02-20 23:30:04.670658-03
2711,441,2025-02-13 08:50:23.645-03,,8,http://localhost:1337/trail-route-map.html?id=2711,2025-01-29 16:01:17.12-03,106,106,2025-02-12 09:48:15.064-03,2026-02-20 23:30:04.670658-03
2712,441,2025-02-14 08:40:23.645-03,,9,http://localhost:1337/trail-route-map.html?id=2712,2025-01-30 09:02:16.365-03,106,106,2025-02-13 08:50:23.645-03,2026-02-20 23:30:04.670658-03
2713,441,2025-02-15 08:10:23.645-03,,10,http://localhost:1337/trail-route-map.html?id=2713,2025-01-30 17:01:01.359-03,106,106,2025-02-14 08:40:23.645-03,2026-02-20 23:30:04.670658-03
2714,441,2025-02-18 07:34:43.988-03,,11,http://localhost:1337/trail-route-map.html?id=2714,2025-01-31 10:38:22.695-03,106,106,2025-02-15 08:10:23.645-03,2026-02-20 23:30:04.670658-03
2715,441,2025-02-22 06:17:26.453-03,,12,http://localhost:1337/trail-route-map.html?id=2715,2025-01-31 18:14:25-03,106,106,2025-02-18 07:34:43.988-03,2026-02-20 23:30:04.670658-03
2716,442,2025-05-29 09:41:33.632-03,,1,http://localhost:1337/trail-route-map.html?id=2716,2025-05-29 10:14:58.247-03,43,43,2025-05-29 06:18:42-03,2026-02-20 23:30:04.670658-03
2718,442,2025-06-02 08:06:28.032-03,,3,http://localhost:1337/trail-route-map.html?id=2718,2025-05-30 08:55:52.533-03,43,43,2025-05-30 07:39:13.34-03,2026-02-20 23:30:04.670658-03
2719,442,2025-06-06 07:05:57.778-03,,4,http://localhost:1337/trail-route-map.html?id=2719,2025-05-30 17:15:46.802-03,43,43,2025-06-02 08:06:28.032-03,2026-02-20 23:30:04.670658-03
2720,442,2025-06-07 06:10:42.371-03,,5,http://localhost:1337/trail-route-map.html?id=2720,2025-05-31 08:45:19.382-03,43,43,2025-06-06 07:05:57.778-03,2026-02-20 23:30:04.670658-03
2721,442,2025-06-10 08:15:14.816-03,,6,http://localhost:1337/trail-route-map.html?id=2721,2025-05-31 16:08:03.157-03,43,43,2025-06-07 06:10:42.371-03,2026-02-20 23:30:04.670658-03
2722,442,2025-06-16 08:04:34.643-03,,7,http://localhost:1337/trail-route-map.html?id=2722,2025-06-01 13:27:24.276-03,43,43,2025-06-10 08:15:14.816-03,2026-02-20 23:30:04.670658-03
2725,442,2025-06-19 06:26:27.479-03,,10,http://localhost:1337/trail-route-map.html?id=2725,2025-06-02 18:49:58.89-03,43,43,2025-06-18 06:56:27.479-03,2026-02-20 23:30:04.670658-03
2726,442,2025-06-21 10:45:43.503-03,,11,http://localhost:1337/trail-route-map.html?id=2726,2025-06-03 14:08:12.286-03,43,43,2025-06-19 06:26:27.479-03,2026-02-20 23:30:04.670658-03
2617,434,2025-01-04 08:59:16.906-03,,2,http://localhost:1337/trail-route-map.html?id=2617,2025-01-04 08:33:36.918-03,183,183,2025-01-04 06:00:00-03,2026-02-20 22:58:12.438728-03
2865,458,2025-04-12 10:43:27.849-03,,11,http://localhost:1337/trail-route-map.html?id=2865,2025-04-12 15:59:34-03,46,46,2025-04-12 08:53:08.919-03,2026-02-20 22:58:12.438728-03
2880,463,2025-12-05 10:18:56.051-03,,3,http://localhost:1337/trail-route-map.html?id=2880,2025-12-04 06:24:44.181-03,10,10,2025-12-03 06:00:00-03,2026-02-20 22:58:12.438728-03
2408,418,2025-11-14 06:04:05-03,,13,http://localhost:1337/trail-route-map.html?id=2408,2025-11-13 13:45:19.859-03,78,78,2025-11-13 09:49:05-03,2026-02-20 23:30:04.670658-03
2426,419,2025-01-18 08:08:55.839-03,,8,http://localhost:1337/trail-route-map.html?id=2426,2025-01-10 08:03:33.553-03,4,4,2025-01-17 09:00:23.011-03,2026-02-20 23:30:04.670658-03
2491,424,2025-01-24 06:54:00.508-03,,6,http://localhost:1337/trail-route-map.html?id=2491,2025-01-13 07:56:11.8-03,177,177,2025-01-20 07:39:16.549-03,2026-02-20 23:30:04.670658-03
2495,424,2025-02-02 07:23:03.531-03,,10,http://localhost:1337/trail-route-map.html?id=2495,2025-01-15 14:01:36.392-03,177,177,2025-02-01 07:53:03.531-03,2026-02-20 23:30:04.670658-03
2566,430,2025-03-20 10:42:09.092-03,,3,http://localhost:1337/trail-route-map.html?id=2566,2025-03-17 15:19:43.27-03,101,101,2025-03-17 09:00:08.153-03,2026-02-20 23:30:04.670658-03
2627,434,2025-02-01 06:02:44.145-03,,12,http://localhost:1337/trail-route-map.html?id=2627,2025-01-09 09:58:36.242-03,183,183,2025-01-28 06:29:15.449-03,2026-02-20 23:30:04.670658-03
2708,441,2025-02-03 07:41:50.896-03,,5,http://localhost:1337/trail-route-map.html?id=2708,2025-01-27 17:30:33.945-03,106,106,2025-02-02 08:36:50.367-03,2026-02-20 23:30:04.670658-03
2727,442,2025-06-25 09:21:50.876-03,,12,http://localhost:1337/trail-route-map.html?id=2727,2025-06-03 19:18:42-03,43,43,2025-06-21 10:45:43.503-03,2026-02-20 23:30:04.670658-03
2734,443,2025-05-25 10:14:00.882-03,,7,http://localhost:1337/trail-route-map.html?id=2734,2025-05-24 10:00:29.823-03,177,177,2025-05-25 07:06:08.591-03,2026-02-20 23:30:04.670658-03
2738,443,2025-05-27 08:01:01.719-03,,11,http://localhost:1337/trail-route-map.html?id=2738,2025-05-25 06:16:34.595-03,177,177,2025-05-27 06:10:16.297-03,2026-02-20 23:30:04.670658-03
2739,443,2025-05-27 10:24:57.568-03,,12,http://localhost:1337/trail-route-map.html?id=2739,2025-05-24 17:00:42-03,177,177,2025-05-27 08:01:01.719-03,2026-02-20 23:30:04.670658-03
2740,444,2025-08-09 07:59:58.292-03,,1,http://localhost:1337/trail-route-map.html?id=2740,2025-08-08 14:29:46.882-03,198,198,2025-08-08 09:37:33-03,2026-02-20 23:30:04.670658-03
2741,444,2025-08-09 10:57:14.933-03,,2,http://localhost:1337/trail-route-map.html?id=2741,2025-08-08 17:47:39.881-03,198,198,2025-08-09 07:59:58.292-03,2026-02-20 23:30:04.670658-03
2742,444,2025-08-13 06:13:41.762-03,,3,http://localhost:1337/trail-route-map.html?id=2742,2025-08-09 09:40:30.546-03,198,198,2025-08-09 10:57:14.933-03,2026-02-20 23:30:04.670658-03
2743,444,2025-08-16 09:59:55.731-03,,4,http://localhost:1337/trail-route-map.html?id=2743,2025-08-09 17:41:35.404-03,198,198,2025-08-13 06:13:41.762-03,2026-02-20 23:30:04.670658-03
2744,444,2025-08-17 09:04:08.557-03,,5,http://localhost:1337/trail-route-map.html?id=2744,2025-08-10 08:44:46.373-03,198,198,2025-08-16 09:59:55.731-03,2026-02-20 23:30:04.670658-03
2745,444,2025-08-20 10:56:46.198-03,,6,http://localhost:1337/trail-route-map.html?id=2745,2025-08-10 16:16:14.757-03,198,198,2025-08-17 09:04:08.557-03,2026-02-20 23:30:04.670658-03
2746,444,2025-08-26 10:33:18.055-03,,7,http://localhost:1337/trail-route-map.html?id=2746,2025-08-11 10:20:33.657-03,198,198,2025-08-20 10:56:46.198-03,2026-02-20 23:30:04.670658-03
2747,444,2025-08-27 09:34:39.504-03,,8,http://localhost:1337/trail-route-map.html?id=2747,2025-08-11 16:16:14.519-03,198,198,2025-08-26 10:33:18.055-03,2026-02-20 23:30:04.670658-03
2748,444,2025-08-28 09:24:39.504-03,,9,http://localhost:1337/trail-route-map.html?id=2748,2025-08-12 08:38:08.172-03,198,198,2025-08-27 09:34:39.504-03,2026-02-20 23:30:04.670658-03
2749,444,2025-08-29 08:54:39.504-03,,10,http://localhost:1337/trail-route-map.html?id=2749,2025-08-12 15:54:23.084-03,198,198,2025-08-28 09:24:39.504-03,2026-02-20 23:30:04.670658-03
2750,444,2025-09-01 08:03:57.482-03,,11,http://localhost:1337/trail-route-map.html?id=2750,2025-08-13 07:49:50.984-03,198,198,2025-08-29 08:54:39.504-03,2026-02-20 23:30:04.670658-03
2751,444,2025-09-05 06:27:08.413-03,,12,http://localhost:1337/trail-route-map.html?id=2751,2025-08-13 14:37:33-03,198,198,2025-09-01 08:03:57.482-03,2026-02-20 23:30:04.670658-03
2752,445,2025-08-07 10:19:40.164-03,,1,http://localhost:1337/trail-route-map.html?id=2752,2025-08-07 10:32:50.442-03,138,138,2025-08-07 06:57:28-03,2026-02-20 23:30:04.670658-03
2753,445,2025-08-08 08:16:45.309-03,,2,http://localhost:1337/trail-route-map.html?id=2753,2025-08-07 16:18:07.847-03,138,138,2025-08-07 10:19:40.164-03,2026-02-20 23:30:04.670658-03
2754,445,2025-08-11 08:27:53.831-03,,3,http://localhost:1337/trail-route-map.html?id=2754,2025-08-08 09:05:00.688-03,138,138,2025-08-08 08:16:45.309-03,2026-02-20 23:30:04.670658-03
2755,445,2025-08-15 07:07:36.818-03,,4,http://localhost:1337/trail-route-map.html?id=2755,2025-08-08 17:23:48.628-03,138,138,2025-08-11 08:27:53.831-03,2026-02-20 23:30:04.670658-03
2756,445,2025-08-16 06:11:33.811-03,,5,http://localhost:1337/trail-route-map.html?id=2756,2025-08-09 08:10:31.95-03,138,138,2025-08-15 07:07:36.818-03,2026-02-20 23:30:04.670658-03
2757,445,2025-08-19 07:58:20.248-03,,6,http://localhost:1337/trail-route-map.html?id=2757,2025-08-09 15:33:59.761-03,138,138,2025-08-16 06:11:33.811-03,2026-02-20 23:30:04.670658-03
2758,445,2025-08-25 07:28:32.225-03,,7,http://localhost:1337/trail-route-map.html?id=2758,2025-08-10 13:15:20.241-03,138,138,2025-08-19 07:58:20.248-03,2026-02-20 23:30:04.670658-03
2759,445,2025-08-26 06:29:38.031-03,,8,http://localhost:1337/trail-route-map.html?id=2759,2025-08-10 16:59:38.85-03,138,138,2025-08-25 07:28:32.225-03,2026-02-20 23:30:04.670658-03
2760,445,2025-08-27 06:19:38.031-03,,9,http://localhost:1337/trail-route-map.html?id=2760,2025-08-11 09:42:02.415-03,138,138,2025-08-26 06:29:38.031-03,2026-02-20 23:30:04.670658-03
2761,445,2025-08-27 10:49:38.031-03,,10,http://localhost:1337/trail-route-map.html?id=2761,2025-08-11 17:30:16.729-03,138,138,2025-08-27 06:19:38.031-03,2026-02-20 23:30:04.670658-03
2762,445,2025-08-30 09:54:02.159-03,,11,http://localhost:1337/trail-route-map.html?id=2762,2025-08-12 09:39:18.615-03,138,138,2025-08-27 10:49:38.031-03,2026-02-20 23:30:04.670658-03
2763,445,2025-09-03 08:10:51.582-03,,12,http://localhost:1337/trail-route-map.html?id=2763,2025-08-12 16:57:28-03,138,138,2025-08-30 09:54:02.159-03,2026-02-20 23:30:04.670658-03
2764,446,2025-04-10 08:19:31.065-03,,1,http://localhost:1337/trail-route-map.html?id=2764,2025-04-09 14:49:26.362-03,27,27,2025-04-09 09:57:32-03,2026-02-20 23:30:04.670658-03
2765,446,2025-04-11 06:16:24.739-03,,2,http://localhost:1337/trail-route-map.html?id=2765,2025-04-09 18:09:06.062-03,27,27,2025-04-10 08:19:31.065-03,2026-02-20 23:30:04.670658-03
2766,446,2025-04-14 06:22:18.619-03,,3,http://localhost:1337/trail-route-map.html?id=2766,2025-04-10 10:32:20.932-03,27,27,2025-04-11 06:16:24.739-03,2026-02-20 23:30:04.670658-03
2550,428,,,13,http://localhost:1337/trail-route-map.html?id=2550,,5,5,2026-02-16 07:01:06.11-03,2026-02-21 00:42:51.139355-03
2410,418,2025-11-21 10:01:55.157-03,,11,http://localhost:1337/trail-route-map.html?id=2410,2025-11-14 10:26:22.435-03,78,78,2025-11-18 08:05:36.392-03,2026-02-20 23:30:04.670658-03
2411,418,2025-11-22 09:31:55.157-03,,10,http://localhost:1337/trail-route-map.html?id=2411,2025-11-14 17:42:08.475-03,78,78,2025-11-21 10:01:55.157-03,2026-02-20 23:30:04.670658-03
2412,418,2025-11-23 09:21:55.157-03,,9,http://localhost:1337/trail-route-map.html?id=2412,2025-11-15 09:25:18.228-03,78,78,2025-11-22 09:31:55.157-03,2026-02-20 23:30:04.670658-03
2413,418,2025-11-24 08:30:45.997-03,,8,http://localhost:1337/trail-route-map.html?id=2413,2025-11-15 14:44:23.521-03,78,78,2025-11-23 09:21:55.157-03,2026-02-20 23:30:04.670658-03
2414,418,2025-12-01 06:22:23.785-03,,7,http://localhost:1337/trail-route-map.html?id=2414,2025-11-16 08:35:25.197-03,78,78,2025-11-24 08:30:45.997-03,2026-02-20 23:30:04.670658-03
2415,418,2025-12-05 06:27:44.451-03,,6,http://localhost:1337/trail-route-map.html?id=2415,2025-11-16 15:26:38.511-03,78,78,2025-12-01 06:22:23.785-03,2026-02-20 23:30:04.670658-03
2447,421,2025-09-01 09:05:34-03,,13,http://localhost:1337/trail-route-map.html?id=2447,2025-09-01 09:43:39.964-03,5,5,2025-09-01 07:50:34-03,2026-02-20 22:21:36.041859-03
2416,418,2025-12-05 10:39:23.693-03,,5,http://localhost:1337/trail-route-map.html?id=2416,2025-11-17 06:23:05.881-03,78,78,2025-12-05 06:27:44.451-03,2026-02-20 23:30:04.670658-03
2417,418,2025-12-10 07:57:07.411-03,,4,http://localhost:1337/trail-route-map.html?id=2417,2025-11-17 14:18:33.906-03,78,78,2025-12-05 10:39:23.693-03,2026-02-20 23:30:04.670658-03
2418,418,2025-12-14 06:04:30.985-03,,3,http://localhost:1337/trail-route-map.html?id=2418,2025-11-18 06:26:12.453-03,78,78,2025-12-10 07:57:07.411-03,2026-02-20 23:30:04.670658-03
2419,418,2025-12-14 09:07:05.668-03,,2,http://localhost:1337/trail-route-map.html?id=2419,2025-11-18 09:37:30.843-03,78,78,2025-12-14 06:04:30.985-03,2026-02-20 23:30:04.670658-03
2434,420,2025-02-22 09:46:52.306-03,,1,http://localhost:1337/trail-route-map.html?id=2434,2025-02-22 09:37:29.676-03,126,126,2025-02-22 08:37:29-03,2026-02-20 23:30:04.670658-03
2436,420,2025-02-23 07:47:50.185-03,,3,http://localhost:1337/trail-route-map.html?id=2436,2025-02-22 15:28:51.611-03,126,126,2025-02-22 10:47:38.449-03,2026-02-20 23:30:04.670658-03
2437,420,2025-02-23 10:15:36.791-03,,4,http://localhost:1337/trail-route-map.html?id=2437,2025-02-22 17:04:12.843-03,126,126,2025-02-23 07:47:50.185-03,2026-02-20 23:30:04.670658-03
2438,420,2025-02-24 06:39:19.607-03,,5,http://localhost:1337/trail-route-map.html?id=2438,2025-02-22 18:08:24.359-03,126,126,2025-02-23 10:15:36.791-03,2026-02-20 23:30:04.670658-03
2441,420,2025-02-25 08:24:40.803-03,,8,http://localhost:1337/trail-route-map.html?id=2441,2025-02-23 14:06:43.652-03,126,126,2025-02-25 07:01:56.771-03,2026-02-20 23:30:04.670658-03
2442,420,2025-02-25 10:53:01.146-03,,9,http://localhost:1337/trail-route-map.html?id=2442,2025-02-23 15:27:30.984-03,126,126,2025-02-25 08:24:40.803-03,2026-02-20 23:30:04.670658-03
2443,420,2025-02-26 08:11:06.577-03,,10,http://localhost:1337/trail-route-map.html?id=2443,2025-02-23 17:01:49.404-03,126,126,2025-02-25 10:53:01.146-03,2026-02-20 23:30:04.670658-03
2444,420,2025-02-26 10:02:54.148-03,,11,http://localhost:1337/trail-route-map.html?id=2444,2025-02-23 18:37:06.036-03,126,126,2025-02-26 08:11:06.577-03,2026-02-20 23:30:04.670658-03
2446,420,2025-02-27 08:06:31.355-03,,13,http://localhost:1337/trail-route-map.html?id=2446,2025-02-23 18:37:29-03,126,126,2025-02-27 07:28:10.759-03,2026-02-20 23:30:04.670658-03
2450,421,2025-09-10 08:36:14.933-03,,10,http://localhost:1337/trail-route-map.html?id=2450,2025-09-02 17:39:41.932-03,5,5,2025-09-09 09:06:14.933-03,2026-02-20 23:30:04.670658-03
2451,421,2025-09-11 08:26:14.933-03,,9,http://localhost:1337/trail-route-map.html?id=2451,2025-09-03 09:57:03.685-03,5,5,2025-09-10 08:36:14.933-03,2026-02-20 23:30:04.670658-03
2455,421,2025-09-23 08:50:17.562-03,,5,http://localhost:1337/trail-route-map.html?id=2455,2025-09-05 08:59:02.302-03,5,5,2025-09-22 09:39:32.819-03,2026-02-20 23:30:04.670658-03
2458,421,2025-10-02 06:24:03.712-03,,2,http://localhost:1337/trail-route-map.html?id=2458,2025-09-06 13:47:28.521-03,5,5,2025-10-01 08:22:08.558-03,2026-02-20 23:30:04.670658-03
2460,422,2025-01-11 09:24:33.878-03,,1,http://localhost:1337/trail-route-map.html?id=2460,2025-01-10 17:03:42.315-03,51,51,2025-01-10 10:56:54-03,2026-02-20 23:30:04.670658-03
2467,422,2025-02-01 06:58:09.114-03,,8,http://localhost:1337/trail-route-map.html?id=2467,2025-01-14 15:18:50.501-03,51,51,2025-01-31 07:50:32.811-03,2026-02-20 23:30:04.670658-03
2468,422,2025-02-02 06:48:09.114-03,,9,http://localhost:1337/trail-route-map.html?id=2468,2025-01-15 07:51:14.486-03,51,51,2025-02-01 06:58:09.114-03,2026-02-20 23:30:04.670658-03
2767,446,2025-04-17 09:55:35.123-03,,4,http://localhost:1337/trail-route-map.html?id=2767,2025-04-10 17:49:26.339-03,27,27,2025-04-14 06:22:18.619-03,2026-02-20 23:30:04.670658-03
2768,446,2025-04-18 08:59:16.318-03,,5,http://localhost:1337/trail-route-map.html?id=2768,2025-04-11 08:46:07.175-03,27,27,2025-04-17 09:55:35.123-03,2026-02-20 23:30:04.670658-03
2472,422,2025-02-10 10:11:07.68-03,,13,http://localhost:1337/trail-route-map.html?id=2472,2025-01-16 19:56:54-03,51,51,2025-02-10 08:56:07.68-03,2026-02-20 23:30:04.670658-03
2473,423,2025-08-25 14:29:34.304-03,,1,http://localhost:1337/trail-route-map.html?id=2473,2025-08-25 13:41:46.947-03,186,186,2025-08-25 13:20:26-03,2026-02-20 23:30:04.670658-03
2512,426,2025-03-25 14:22:23-03,,13,http://localhost:1337/trail-route-map.html?id=2512,2025-03-25 15:08:52.307-03,110,110,2025-03-25 13:07:23-03,2026-02-20 22:21:36.041859-03
2474,423,2025-08-25 15:30:07.31-03,,2,http://localhost:1337/trail-route-map.html?id=2474,2025-08-25 14:06:06.419-03,186,186,2025-08-25 14:29:34.304-03,2026-02-20 23:30:04.670658-03
2475,423,2025-08-25 17:30:10.108-03,,3,http://localhost:1337/trail-route-map.html?id=2475,2025-08-25 14:42:34.781-03,186,186,2025-08-25 15:30:07.31-03,2026-02-20 23:30:04.670658-03
2477,423,2025-08-26 09:51:00.342-03,,5,http://localhost:1337/trail-route-map.html?id=2477,2025-08-25 15:49:41.424-03,186,186,2025-08-26 08:27:35.618-03,2026-02-20 23:30:04.670658-03
2478,423,2025-08-27 07:03:49.891-03,,6,http://localhost:1337/trail-route-map.html?id=2478,2025-08-25 16:24:11.088-03,186,186,2025-08-26 09:51:00.342-03,2026-02-20 23:30:04.670658-03
2479,423,2025-08-27 10:13:13.517-03,,7,http://localhost:1337/trail-route-map.html?id=2479,2025-08-25 17:19:08.555-03,186,186,2025-08-27 07:03:49.891-03,2026-02-20 23:30:04.670658-03
2480,423,2025-08-28 06:35:39.673-03,,8,http://localhost:1337/trail-route-map.html?id=2480,2025-08-25 17:45:28.574-03,186,186,2025-08-27 10:13:13.517-03,2026-02-20 23:30:04.670658-03
2481,423,2025-08-28 09:03:14.377-03,,9,http://localhost:1337/trail-route-map.html?id=2481,2025-08-25 18:24:32.98-03,186,186,2025-08-28 06:35:39.673-03,2026-02-20 23:30:04.670658-03
2483,423,2025-08-29 08:12:16.588-03,,11,http://localhost:1337/trail-route-map.html?id=2483,2025-08-26 06:39:36.918-03,186,186,2025-08-29 06:20:37.328-03,2026-02-20 23:30:04.670658-03
2484,423,2025-08-29 10:37:22.399-03,,12,http://localhost:1337/trail-route-map.html?id=2484,2025-08-26 13:35:25.034-03,186,186,2025-08-29 08:12:16.588-03,2026-02-20 23:30:04.670658-03
2485,423,2025-08-30 06:15:31.205-03,,13,http://localhost:1337/trail-route-map.html?id=2485,2025-08-26 09:20:26-03,186,186,2025-08-29 10:37:22.399-03,2026-02-20 23:30:04.670658-03
2501,425,2025-05-17 10:40:06.513-03,,3,http://localhost:1337/trail-route-map.html?id=2501,2025-05-17 15:22:09.373-03,4,4,2025-05-17 08:40:09.662-03,2026-02-20 23:30:04.670658-03
2502,425,2025-05-18 08:07:34.82-03,,4,http://localhost:1337/trail-route-map.html?id=2502,2025-05-17 17:08:14.19-03,4,4,2025-05-17 10:40:06.513-03,2026-02-20 23:30:04.670658-03
2503,425,2025-05-18 09:30:47.554-03,,5,http://localhost:1337/trail-route-map.html?id=2503,2025-05-17 18:18:51.812-03,4,4,2025-05-18 08:07:34.82-03,2026-02-20 23:30:04.670658-03
2504,425,2025-05-19 06:43:30.525-03,,6,http://localhost:1337/trail-route-map.html?id=2504,2025-05-18 06:43:14.805-03,4,4,2025-05-18 09:30:47.554-03,2026-02-20 23:30:04.670658-03
2506,425,2025-05-20 06:14:59.081-03,,8,http://localhost:1337/trail-route-map.html?id=2506,2025-05-18 14:08:01.796-03,4,4,2025-05-19 09:52:44.771-03,2026-02-20 23:30:04.670658-03
2507,425,2025-05-20 08:42:03.619-03,,9,http://localhost:1337/trail-route-map.html?id=2507,2025-05-18 15:42:06.128-03,4,4,2025-05-20 06:14:59.081-03,2026-02-20 23:30:04.670658-03
2508,425,2025-05-20 10:58:58.491-03,,10,http://localhost:1337/trail-route-map.html?id=2508,2025-05-18 17:08:59.37-03,4,4,2025-05-20 08:42:03.619-03,2026-02-20 23:30:04.670658-03
2509,425,2025-05-21 07:50:32.222-03,,11,http://localhost:1337/trail-route-map.html?id=2509,2025-05-18 18:29:01.954-03,4,4,2025-05-20 10:58:58.491-03,2026-02-20 23:30:04.670658-03
2510,425,2025-05-21 10:15:30.848-03,,12,http://localhost:1337/trail-route-map.html?id=2510,2025-05-19 07:00:07.469-03,4,4,2025-05-21 07:50:32.222-03,2026-02-20 23:30:04.670658-03
2476,423,2025-08-26 08:27:35.618-03,,4,http://localhost:1337/trail-route-map.html?id=2476,2025-08-25 15:22:10.371-03,186,186,2025-08-26 06:00:00-03,2026-02-20 22:58:12.438728-03
2545,428,2026-02-14 08:02:20.004-03,,8,http://localhost:1337/trail-route-map.html?id=2545,2026-02-17 08:26:49.397-03,5,5,2026-02-14 06:40:23.356-03,2026-02-20 23:30:04.670658-03
2551,429,2025-07-18 10:14:05-03,,13,http://localhost:1337/trail-route-map.html?id=2551,2025-07-18 13:09:00.198-03,182,182,2025-07-18 08:59:05-03,2026-02-20 22:21:36.041859-03
2546,428,2026-02-14 10:28:39.675-03,,9,http://localhost:1337/trail-route-map.html?id=2546,2026-02-18 06:51:53.375-03,5,5,2026-02-14 08:02:20.004-03,2026-02-20 23:30:04.670658-03
2547,428,2026-02-15 07:44:52.786-03,,10,http://localhost:1337/trail-route-map.html?id=2547,2026-02-18 18:34:14.959-03,5,5,2026-02-14 10:28:39.675-03,2026-02-20 23:30:04.670658-03
2548,428,2026-02-15 09:36:18.24-03,,11,http://localhost:1337/trail-route-map.html?id=2548,2026-02-19 17:10:30.156-03,5,5,2026-02-15 07:44:52.786-03,2026-02-20 23:30:04.670658-03
2554,429,2025-07-27 06:29:11.707-03,,10,http://localhost:1337/trail-route-map.html?id=2554,2025-07-20 07:57:04.478-03,182,182,2025-07-26 06:59:11.707-03,2026-02-20 23:30:04.670658-03
2555,429,2025-07-28 06:19:11.707-03,,9,http://localhost:1337/trail-route-map.html?id=2555,2025-07-20 15:33:02.725-03,182,182,2025-07-27 06:29:11.707-03,2026-02-20 23:30:04.670658-03
2559,429,2025-08-08 09:29:13.704-03,,5,http://localhost:1337/trail-route-map.html?id=2559,2025-07-22 18:13:02.577-03,182,182,2025-08-07 10:20:52.389-03,2026-02-20 23:30:04.670658-03
2562,429,2025-08-16 09:50:00.894-03,,2,http://localhost:1337/trail-route-map.html?id=2562,2025-07-24 10:21:26.072-03,182,182,2025-08-16 06:49:49.77-03,2026-02-20 23:30:04.670658-03
2577,431,2025-07-07 07:00:27.821-03,,1,http://localhost:1337/trail-route-map.html?id=2577,2025-07-06 13:23:01.981-03,159,159,2025-07-06 10:51:59-03,2026-02-20 23:30:04.670658-03
2578,431,2025-07-07 08:00:26.252-03,,2,http://localhost:1337/trail-route-map.html?id=2578,2025-07-06 13:55:04.887-03,159,159,2025-07-07 07:00:27.821-03,2026-02-20 23:30:04.670658-03
2579,431,2025-07-07 10:00:05.323-03,,3,http://localhost:1337/trail-route-map.html?id=2579,2025-07-06 14:48:49.148-03,159,159,2025-07-07 08:00:26.252-03,2026-02-20 23:30:04.670658-03
2581,431,2025-07-08 08:49:48.878-03,,5,http://localhost:1337/trail-route-map.html?id=2581,2025-07-06 16:32:35.459-03,159,159,2025-07-08 07:27:11.77-03,2026-02-20 23:30:04.670658-03
2582,431,2025-07-09 06:02:12.177-03,,6,http://localhost:1337/trail-route-map.html?id=2582,2025-07-06 17:32:48.876-03,159,159,2025-07-08 08:49:48.878-03,2026-02-20 23:30:04.670658-03
2583,431,2025-07-09 09:10:58.375-03,,7,http://localhost:1337/trail-route-map.html?id=2583,2025-07-06 18:51:47.141-03,159,159,2025-07-09 06:02:12.177-03,2026-02-20 23:30:04.670658-03
2584,431,2025-07-09 10:32:37.486-03,,8,http://localhost:1337/trail-route-map.html?id=2584,2025-07-07 06:31:27.195-03,159,159,2025-07-09 09:10:58.375-03,2026-02-20 23:30:04.670658-03
2585,431,2025-07-10 07:58:12.744-03,,9,http://localhost:1337/trail-route-map.html?id=2585,2025-07-07 07:21:42.444-03,159,159,2025-07-09 10:32:37.486-03,2026-02-20 23:30:04.670658-03
2633,435,2025-05-21 09:49:05.572-03,,5,http://localhost:1337/trail-route-map.html?id=2633,2025-05-20 15:42:42.833-03,168,168,2025-05-21 08:26:51.934-03,2026-02-20 23:30:04.670658-03
2634,435,2025-05-22 07:01:15.811-03,,6,http://localhost:1337/trail-route-map.html?id=2634,2025-05-20 16:17:51.783-03,168,168,2025-05-21 09:49:05.572-03,2026-02-20 23:30:04.670658-03
2642,436,2025-04-30 16:31:58-03,,13,http://localhost:1337/trail-route-map.html?id=2642,2025-04-30 17:15:52.51-03,30,30,2025-04-30 15:16:58-03,2026-02-20 22:21:36.041859-03
2635,435,2025-05-22 10:09:43.387-03,,7,http://localhost:1337/trail-route-map.html?id=2635,2025-05-20 17:08:51.523-03,168,168,2025-05-22 07:01:15.811-03,2026-02-20 23:30:04.670658-03
2636,435,2025-05-23 06:30:59.309-03,,8,http://localhost:1337/trail-route-map.html?id=2636,2025-05-20 17:39:21.54-03,168,168,2025-05-22 10:09:43.387-03,2026-02-20 23:30:04.670658-03
2637,435,2025-05-23 08:55:36.044-03,,9,http://localhost:1337/trail-route-map.html?id=2637,2025-05-20 18:20:18.577-03,168,168,2025-05-23 06:30:59.309-03,2026-02-20 23:30:04.670658-03
2638,435,2025-05-24 06:10:13.343-03,,10,http://localhost:1337/trail-route-map.html?id=2638,2025-05-20 18:57:26.603-03,168,168,2025-05-23 08:55:36.044-03,2026-02-20 23:30:04.670658-03
2640,435,2025-05-24 10:25:42.441-03,,12,http://localhost:1337/trail-route-map.html?id=2640,2025-05-21 07:12:07.206-03,168,168,2025-05-24 08:01:19.564-03,2026-02-20 23:30:04.670658-03
2641,435,2025-05-25 06:03:05.268-03,,13,http://localhost:1337/trail-route-map.html?id=2641,2025-05-21 09:14:21-03,168,168,2025-05-24 10:25:42.441-03,2026-02-20 23:30:04.670658-03
2646,436,2025-05-09 09:39:04.2-03,,9,http://localhost:1337/trail-route-map.html?id=2646,2025-05-02 15:19:20.304-03,30,30,2025-05-08 09:49:04.2-03,2026-02-20 23:30:04.670658-03
2650,436,2025-05-21 06:00:55.818-03,,5,http://localhost:1337/trail-route-map.html?id=2650,2025-05-04 10:48:01.679-03,30,30,2025-05-20 06:54:37.777-03,2026-02-20 23:30:04.670658-03
2654,436,2025-05-29 08:00:45.156-03,,1,http://localhost:1337/trail-route-map.html?id=2654,2025-05-05 18:16:58-03,30,30,2025-05-28 09:36:44.945-03,2026-02-20 23:30:04.670658-03
2655,437,2025-05-02 07:06:53.699-03,,1,http://localhost:1337/trail-route-map.html?id=2655,2025-05-01 13:45:31.169-03,11,11,2025-05-01 10:58:54-03,2026-02-20 23:30:04.670658-03
2656,437,2025-05-02 08:06:26.628-03,,2,http://localhost:1337/trail-route-map.html?id=2656,2025-05-01 14:30:46.617-03,11,11,2025-05-02 07:06:53.699-03,2026-02-20 23:30:04.670658-03
2657,437,2025-05-02 10:05:48.006-03,,3,http://localhost:1337/trail-route-map.html?id=2657,2025-05-01 15:45:23.657-03,11,11,2025-05-02 08:06:26.628-03,2026-02-20 23:30:04.670658-03
2659,437,2025-05-03 08:54:34.687-03,,5,http://localhost:1337/trail-route-map.html?id=2659,2025-05-01 18:01:39.166-03,11,11,2025-05-03 07:32:32.701-03,2026-02-20 23:30:04.670658-03
2660,437,2025-05-04 06:06:38.412-03,,6,http://localhost:1337/trail-route-map.html?id=2660,2025-05-02 06:13:54.558-03,11,11,2025-05-03 08:54:34.687-03,2026-02-20 23:30:04.670658-03
2661,437,2025-05-04 09:14:56.7-03,,7,http://localhost:1337/trail-route-map.html?id=2661,2025-05-02 08:13:04.405-03,11,11,2025-05-04 06:06:38.412-03,2026-02-20 23:30:04.670658-03
2662,437,2025-05-04 10:36:01.109-03,,8,http://localhost:1337/trail-route-map.html?id=2662,2025-05-02 13:56:09.976-03,11,11,2025-05-04 09:14:56.7-03,2026-02-20 23:30:04.670658-03
2663,437,2025-05-05 08:00:08.876-03,,9,http://localhost:1337/trail-route-map.html?id=2663,2025-05-02 15:05:55.497-03,11,11,2025-05-04 10:36:01.109-03,2026-02-20 23:30:04.670658-03
2664,437,2025-05-05 10:14:19.211-03,,10,http://localhost:1337/trail-route-map.html?id=2664,2025-05-02 16:17:17.822-03,11,11,2025-05-05 08:00:08.876-03,2026-02-20 23:30:04.670658-03
2666,437,2025-05-06 09:29:35.719-03,,12,http://localhost:1337/trail-route-map.html?id=2666,2025-05-02 18:40:04.02-03,11,11,2025-05-06 07:05:19.957-03,2026-02-20 23:30:04.670658-03
2667,437,2025-05-06 10:06:51.062-03,,13,http://localhost:1337/trail-route-map.html?id=2667,2025-05-02 17:58:54-03,11,11,2025-05-06 09:29:35.719-03,2026-02-20 23:30:04.670658-03
2692,440,2025-02-12 09:06:12.194-03,,13,http://localhost:1337/trail-route-map.html?id=2692,2025-02-12 10:32:45.479-03,49,49,2025-02-12 08:29:04-03,2026-02-20 23:30:04.670658-03
2693,440,2025-02-13 06:30:20.58-03,,12,http://localhost:1337/trail-route-map.html?id=2693,2025-02-12 14:15:05.864-03,49,49,2025-02-12 09:06:12.194-03,2026-02-20 23:30:04.670658-03
2694,440,2025-02-13 08:21:15.23-03,,11,http://localhost:1337/trail-route-map.html?id=2694,2025-02-12 15:38:17.145-03,49,49,2025-02-13 06:30:20.58-03,2026-02-20 23:30:04.670658-03
2695,440,2025-02-13 10:34:53.651-03,,10,http://localhost:1337/trail-route-map.html?id=2695,2025-02-12 17:08:26.933-03,49,49,2025-02-13 08:21:15.23-03,2026-02-20 23:30:04.670658-03
2696,440,2025-02-14 07:58:24.928-03,,9,http://localhost:1337/trail-route-map.html?id=2696,2025-02-12 18:30:07.602-03,49,49,2025-02-13 10:34:53.651-03,2026-02-20 23:30:04.670658-03
2697,440,2025-02-14 09:19:13.926-03,,8,http://localhost:1337/trail-route-map.html?id=2697,2025-02-13 06:27:51.588-03,49,49,2025-02-14 07:58:24.928-03,2026-02-20 23:30:04.670658-03
2699,440,2025-02-15 09:39:12.996-03,,6,http://localhost:1337/trail-route-map.html?id=2699,2025-02-13 14:21:50.5-03,49,49,2025-02-15 07:27:19.022-03,2026-02-20 23:30:04.670658-03
2700,440,2025-02-16 06:00:56.72-03,,5,http://localhost:1337/trail-route-map.html?id=2700,2025-02-13 15:26:56.737-03,49,49,2025-02-15 09:39:12.996-03,2026-02-20 23:30:04.670658-03
2701,440,2025-02-16 08:27:29.469-03,,4,http://localhost:1337/trail-route-map.html?id=2701,2025-02-13 17:01:08.468-03,49,49,2025-02-16 06:00:56.72-03,2026-02-20 23:30:04.670658-03
2702,440,2025-02-16 10:26:40.679-03,,3,http://localhost:1337/trail-route-map.html?id=2702,2025-02-13 18:20:44.262-03,49,49,2025-02-16 08:27:29.469-03,2026-02-20 23:30:04.670658-03
2717,442,2025-05-30 07:39:13.34-03,,2,http://localhost:1337/trail-route-map.html?id=2717,2025-05-29 16:36:51.493-03,43,43,2025-05-29 09:41:33.632-03,2026-02-20 23:30:04.670658-03
2723,442,2025-06-17 07:06:27.479-03,,8,http://localhost:1337/trail-route-map.html?id=2723,2025-06-01 17:43:59.67-03,43,43,2025-06-16 08:04:34.643-03,2026-02-20 23:30:04.670658-03
2724,442,2025-06-18 06:56:27.479-03,,9,http://localhost:1337/trail-route-map.html?id=2724,2025-06-02 10:59:27.499-03,43,43,2025-06-17 07:06:27.479-03,2026-02-20 23:30:04.670658-03
2728,443,2025-05-23 08:08:14.816-03,,1,http://localhost:1337/trail-route-map.html?id=2728,2025-05-23 08:04:37.677-03,177,177,2025-05-23 07:00:42-03,2026-02-20 23:30:04.670658-03
2729,443,2025-05-23 09:07:24.203-03,,2,http://localhost:1337/trail-route-map.html?id=2729,2025-05-23 14:01:36.364-03,177,177,2025-05-23 08:08:14.816-03,2026-02-20 23:30:04.670658-03
2730,443,2025-05-24 06:06:29.101-03,,3,http://localhost:1337/trail-route-map.html?id=2730,2025-05-23 15:38:49.337-03,177,177,2025-05-23 09:07:24.203-03,2026-02-20 23:30:04.670658-03
2731,443,2025-05-24 08:32:53.535-03,,4,http://localhost:1337/trail-route-map.html?id=2731,2025-05-23 17:36:51.148-03,177,177,2025-05-24 06:06:29.101-03,2026-02-20 23:30:04.670658-03
2732,443,2025-05-24 09:54:23.099-03,,5,http://localhost:1337/trail-route-map.html?id=2732,2025-05-23 18:58:39.148-03,177,177,2025-05-24 08:32:53.535-03,2026-02-20 23:30:04.670658-03
2733,443,2025-05-25 07:06:08.591-03,,6,http://localhost:1337/trail-route-map.html?id=2733,2025-05-24 07:40:32.913-03,177,177,2025-05-24 09:54:23.099-03,2026-02-20 23:30:04.670658-03
2735,443,2025-05-26 06:34:33.257-03,,8,http://localhost:1337/trail-route-map.html?id=2735,2025-05-24 14:15:15.061-03,177,177,2025-05-25 10:14:00.882-03,2026-02-20 23:30:04.670658-03
2736,443,2025-05-26 08:57:20.714-03,,9,http://localhost:1337/trail-route-map.html?id=2736,2025-05-24 15:57:08.234-03,177,177,2025-05-26 06:34:33.257-03,2026-02-20 23:30:04.670658-03
2737,443,2025-05-27 06:10:16.297-03,,10,http://localhost:1337/trail-route-map.html?id=2737,2025-05-24 17:36:17.197-03,177,177,2025-05-26 08:57:20.714-03,2026-02-20 23:30:04.670658-03
2769,446,2025-04-21 10:40:15.588-03,,6,http://localhost:1337/trail-route-map.html?id=2769,2025-04-11 16:15:52.898-03,27,27,2025-04-18 08:59:16.318-03,2026-02-20 23:30:04.670658-03
2770,446,2025-04-27 10:04:10.384-03,,7,http://localhost:1337/trail-route-map.html?id=2770,2025-04-12 13:06:21.569-03,27,27,2025-04-21 10:40:15.588-03,2026-02-20 23:30:04.670658-03
2771,446,2025-04-28 09:05:00.581-03,,8,http://localhost:1337/trail-route-map.html?id=2771,2025-04-12 16:55:27.267-03,27,27,2025-04-27 10:04:10.384-03,2026-02-20 23:30:04.670658-03
2772,446,2025-04-29 08:55:00.581-03,,9,http://localhost:1337/trail-route-map.html?id=2772,2025-04-13 08:36:47.362-03,27,27,2025-04-28 09:05:00.581-03,2026-02-20 23:30:04.670658-03
2773,446,2025-04-30 08:25:00.581-03,,10,http://localhost:1337/trail-route-map.html?id=2773,2025-04-13 15:59:02.437-03,27,27,2025-04-29 08:55:00.581-03,2026-02-20 23:30:04.670658-03
2774,446,2025-05-03 07:24:34.228-03,,11,http://localhost:1337/trail-route-map.html?id=2774,2025-04-14 07:32:30.609-03,27,27,2025-04-30 08:25:00.581-03,2026-02-20 23:30:04.670658-03
2775,446,2025-05-06 10:35:06.515-03,,12,http://localhost:1337/trail-route-map.html?id=2775,2025-04-14 14:57:32-03,27,27,2025-05-03 07:24:34.228-03,2026-02-20 23:30:04.670658-03
2778,447,2025-04-06 08:07:27.41-03,,11,http://localhost:1337/trail-route-map.html?id=2778,2025-03-31 14:09:15.973-03,181,181,2025-04-03 09:09:29.851-03,2026-02-20 23:30:04.670658-03
2779,447,2025-04-07 07:37:27.41-03,,10,http://localhost:1337/trail-route-map.html?id=2779,2025-04-01 07:23:31.288-03,181,181,2025-04-06 08:07:27.41-03,2026-02-20 23:30:04.670658-03
2780,447,2025-04-08 07:27:27.41-03,,9,http://localhost:1337/trail-route-map.html?id=2780,2025-04-01 15:05:01.936-03,181,181,2025-04-07 07:37:27.41-03,2026-02-20 23:30:04.670658-03
2781,447,2025-04-09 06:28:04.625-03,,8,http://localhost:1337/trail-route-map.html?id=2781,2025-04-02 06:36:21.516-03,181,181,2025-04-08 07:27:27.41-03,2026-02-20 23:30:04.670658-03
2782,447,2025-04-14 10:45:44.909-03,,7,http://localhost:1337/trail-route-map.html?id=2782,2025-04-02 17:34:02.47-03,181,181,2025-04-09 06:28:04.625-03,2026-02-20 23:30:04.670658-03
2783,447,2025-04-18 07:20:04.16-03,,6,http://localhost:1337/trail-route-map.html?id=2783,2025-04-03 10:15:08.615-03,181,181,2025-04-14 10:45:44.909-03,2026-02-20 23:30:04.670658-03
2784,447,2025-04-19 06:23:24.344-03,,5,http://localhost:1337/trail-route-map.html?id=2784,2025-04-03 16:28:08.315-03,181,181,2025-04-18 07:20:04.16-03,2026-02-20 23:30:04.670658-03
2815,450,2026-02-14 08:26:01.235-03,,4,http://localhost:1337/trail-route-map.html?id=2815,2026-02-15 16:41:06.713-03,174,174,2026-02-14 06:00:00-03,2026-02-20 22:58:12.438728-03
2827,451,2025-11-24 08:25:57.931-03,,4,http://localhost:1337/trail-route-map.html?id=2827,2025-11-23 17:11:32.938-03,199,199,2025-11-24 06:00:00-03,2026-02-20 22:58:12.438728-03
2823,450,,,12,http://localhost:1337/trail-route-map.html?id=2823,,174,174,2026-02-17 07:48:53.203-03,2026-02-21 00:42:51.139355-03
2785,447,2025-04-22 09:47:09.389-03,,4,http://localhost:1337/trail-route-map.html?id=2785,2025-04-04 10:29:33.016-03,181,181,2025-04-19 06:23:24.344-03,2026-02-20 23:30:04.670658-03
2786,447,2025-04-25 09:44:26.837-03,,3,http://localhost:1337/trail-route-map.html?id=2786,2025-04-04 18:10:54.417-03,181,181,2025-04-22 09:47:09.389-03,2026-02-20 23:30:04.670658-03
2787,447,2025-04-26 07:40:59.545-03,,2,http://localhost:1337/trail-route-map.html?id=2787,2025-04-05 08:39:57-03,181,181,2025-04-25 09:44:26.837-03,2026-02-20 23:30:04.670658-03
2791,448,2025-10-19 09:16:12.062-03,,4,http://localhost:1337/trail-route-map.html?id=2791,2025-10-14 06:16:34.571-03,28,28,2025-10-15 10:55:35.337-03,2026-02-20 23:30:04.670658-03
2792,448,2025-10-20 08:19:21.763-03,,5,http://localhost:1337/trail-route-map.html?id=2792,2025-10-14 13:06:23.073-03,28,28,2025-10-19 09:16:12.062-03,2026-02-20 23:30:04.670658-03
2793,448,2025-10-23 09:48:58.534-03,,6,http://localhost:1337/trail-route-map.html?id=2793,2025-10-15 06:25:30.262-03,28,28,2025-10-20 08:19:21.763-03,2026-02-20 23:30:04.670658-03
2794,448,2025-10-29 09:00:26.947-03,,7,http://localhost:1337/trail-route-map.html?id=2794,2025-10-15 18:15:50.294-03,28,28,2025-10-23 09:48:58.534-03,2026-02-20 23:30:04.670658-03
2795,448,2025-10-30 08:00:46.026-03,,8,http://localhost:1337/trail-route-map.html?id=2795,2025-10-16 10:30:24.035-03,28,28,2025-10-29 09:00:26.947-03,2026-02-20 23:30:04.670658-03
2796,448,2025-10-31 07:50:46.026-03,,9,http://localhost:1337/trail-route-map.html?id=2796,2025-10-16 18:45:55.403-03,28,28,2025-10-30 08:00:46.026-03,2026-02-20 23:30:04.670658-03
2797,448,2025-11-01 07:20:46.026-03,,10,http://localhost:1337/trail-route-map.html?id=2797,2025-10-17 14:26:43.755-03,28,28,2025-10-31 07:50:46.026-03,2026-02-20 23:30:04.670658-03
2798,448,2025-11-04 06:10:48.591-03,,11,http://localhost:1337/trail-route-map.html?id=2798,2025-10-18 08:30:03.646-03,28,28,2025-11-01 07:20:46.026-03,2026-02-20 23:30:04.670658-03
2799,448,2025-11-07 09:08:59.428-03,,12,http://localhost:1337/trail-route-map.html?id=2799,2025-10-18 17:14:12-03,28,28,2025-11-04 06:10:48.591-03,2026-02-20 23:30:04.670658-03
2800,449,2025-10-20 10:16:41.645-03,,1,http://localhost:1337/trail-route-map.html?id=2800,2025-10-20 09:42:59.552-03,43,43,2025-10-20 09:09:35-03,2026-02-20 23:30:04.670658-03
2801,449,2025-10-21 06:15:28.114-03,,2,http://localhost:1337/trail-route-map.html?id=2801,2025-10-20 13:36:09.07-03,43,43,2025-10-20 10:16:41.645-03,2026-02-20 23:30:04.670658-03
2802,449,2025-10-21 08:14:16.832-03,,3,http://localhost:1337/trail-route-map.html?id=2802,2025-10-20 14:35:26.753-03,43,43,2025-10-21 06:15:28.114-03,2026-02-20 23:30:04.670658-03
2803,449,2025-10-21 10:40:21.374-03,,4,http://localhost:1337/trail-route-map.html?id=2803,2025-10-20 15:35:09.807-03,43,43,2025-10-21 08:14:16.832-03,2026-02-20 23:30:04.670658-03
2804,449,2025-10-22 07:01:19.375-03,,5,http://localhost:1337/trail-route-map.html?id=2804,2025-10-20 16:16:56.657-03,43,43,2025-10-21 10:40:21.374-03,2026-02-20 23:30:04.670658-03
2805,449,2025-10-22 09:12:46.967-03,,6,http://localhost:1337/trail-route-map.html?id=2805,2025-10-20 17:20:22.897-03,43,43,2025-10-22 07:01:19.375-03,2026-02-20 23:30:04.670658-03
2806,449,2025-10-23 07:20:13.735-03,,7,http://localhost:1337/trail-route-map.html?id=2806,2025-10-20 18:40:51.51-03,43,43,2025-10-22 09:12:46.967-03,2026-02-20 23:30:04.670658-03
2807,449,2025-10-23 08:40:14.925-03,,8,http://localhost:1337/trail-route-map.html?id=2807,2025-10-21 06:21:18.835-03,43,43,2025-10-23 07:20:13.735-03,2026-02-20 23:30:04.670658-03
2808,449,2025-10-24 06:01:44.62-03,,9,http://localhost:1337/trail-route-map.html?id=2808,2025-10-21 07:17:28.128-03,43,43,2025-10-23 08:40:14.925-03,2026-02-20 23:30:04.670658-03
2809,449,2025-10-24 08:13:27.823-03,,10,http://localhost:1337/trail-route-map.html?id=2809,2025-10-21 14:01:41.726-03,43,43,2025-10-24 06:01:44.62-03,2026-02-20 23:30:04.670658-03
2810,449,2025-10-24 10:03:58.2-03,,11,http://localhost:1337/trail-route-map.html?id=2810,2025-10-21 15:03:49.948-03,43,43,2025-10-24 08:13:27.823-03,2026-02-20 23:30:04.670658-03
2811,449,2025-10-25 07:27:34.498-03,,12,http://localhost:1337/trail-route-map.html?id=2811,2025-10-21 09:09:35-03,43,43,2025-10-24 10:03:58.2-03,2026-02-20 23:30:04.670658-03
2812,450,2026-02-13 15:02:37.316-03,,1,http://localhost:1337/trail-route-map.html?id=2812,2026-02-13 18:52:51.154-03,174,174,2026-02-13 13:55:35-03,2026-02-20 23:30:04.670658-03
2813,450,2026-02-13 16:01:19.994-03,,2,http://localhost:1337/trail-route-map.html?id=2813,2026-02-14 10:31:44.823-03,174,174,2026-02-13 15:02:37.316-03,2026-02-20 23:30:04.670658-03
2814,450,2026-02-13 18:00:06.023-03,,3,http://localhost:1337/trail-route-map.html?id=2814,2026-02-15 06:49:38.115-03,174,174,2026-02-13 16:01:19.994-03,2026-02-20 23:30:04.670658-03
2816,450,2026-02-14 09:46:54.015-03,,5,http://localhost:1337/trail-route-map.html?id=2816,2026-02-16 09:59:16.819-03,174,174,2026-02-14 08:26:01.235-03,2026-02-20 23:30:04.670658-03
2817,450,2026-02-15 06:58:18.631-03,,6,http://localhost:1337/trail-route-map.html?id=2817,2026-02-17 06:08:48.214-03,174,174,2026-02-14 09:46:54.015-03,2026-02-20 23:30:04.670658-03
2818,450,2026-02-15 10:05:41.156-03,,7,http://localhost:1337/trail-route-map.html?id=2818,2026-02-17 18:04:37.11-03,174,174,2026-02-15 06:58:18.631-03,2026-02-20 23:30:04.670658-03
2819,450,2026-02-16 06:25:37.188-03,,8,http://localhost:1337/trail-route-map.html?id=2819,2026-02-18 10:42:13.424-03,174,174,2026-02-15 10:05:41.156-03,2026-02-20 23:30:04.670658-03
2820,450,2026-02-16 08:46:54.06-03,,9,http://localhost:1337/trail-route-map.html?id=2820,2026-02-19 08:02:10.592-03,174,174,2026-02-16 06:25:37.188-03,2026-02-20 23:30:04.670658-03
2821,450,2026-02-16 10:58:25.327-03,,10,http://localhost:1337/trail-route-map.html?id=2821,2026-02-19 18:10:13.862-03,174,174,2026-02-16 08:46:54.06-03,2026-02-20 23:30:04.670658-03
2822,450,2026-02-17 07:48:53.203-03,,11,http://localhost:1337/trail-route-map.html?id=2822,2026-02-20 14:23:57.988-03,174,174,2026-02-16 10:58:25.327-03,2026-02-20 23:30:04.670658-03
2824,451,2025-11-23 15:27:18.996-03,,1,http://localhost:1337/trail-route-map.html?id=2824,2025-11-23 14:50:29.328-03,199,199,2025-11-23 14:20:21-03,2026-02-20 23:30:04.670658-03
2825,451,2025-11-23 16:25:57.892-03,,2,http://localhost:1337/trail-route-map.html?id=2825,2025-11-23 15:24:59.458-03,199,199,2025-11-23 15:27:18.996-03,2026-02-20 23:30:04.670658-03
2826,451,2025-11-23 18:24:41.233-03,,3,http://localhost:1337/trail-route-map.html?id=2826,2025-11-23 16:16:47.191-03,199,199,2025-11-23 16:25:57.892-03,2026-02-20 23:30:04.670658-03
2828,451,2025-11-24 09:46:45.502-03,,5,http://localhost:1337/trail-route-map.html?id=2828,2025-11-23 17:48:42.583-03,199,199,2025-11-24 08:25:57.931-03,2026-02-20 23:30:04.670658-03
2829,451,2025-11-25 06:58:07.145-03,,6,http://localhost:1337/trail-route-map.html?id=2829,2025-11-23 18:44:52.538-03,199,199,2025-11-24 09:46:45.502-03,2026-02-20 23:30:04.670658-03
2830,451,2025-11-25 10:05:25.431-03,,7,http://localhost:1337/trail-route-map.html?id=2830,2025-11-24 07:10:16.149-03,199,199,2025-11-25 06:58:07.145-03,2026-02-20 23:30:04.670658-03
2831,451,2025-11-26 06:25:16.315-03,,8,http://localhost:1337/trail-route-map.html?id=2831,2025-11-24 07:52:49.721-03,199,199,2025-11-25 10:05:25.431-03,2026-02-20 23:30:04.670658-03
2832,451,2025-11-26 08:46:20.402-03,,9,http://localhost:1337/trail-route-map.html?id=2832,2025-11-24 13:51:03.757-03,199,199,2025-11-26 06:25:16.315-03,2026-02-20 23:30:04.670658-03
2833,451,2025-11-26 10:57:39.769-03,,10,http://localhost:1337/trail-route-map.html?id=2833,2025-11-24 14:42:14.422-03,199,199,2025-11-26 08:46:20.402-03,2026-02-20 23:30:04.670658-03
2834,451,2025-11-27 07:48:05.146-03,,11,http://localhost:1337/trail-route-map.html?id=2834,2025-11-24 15:35:48.436-03,199,199,2025-11-26 10:57:39.769-03,2026-02-20 23:30:04.670658-03
2835,451,2025-11-27 10:11:34.947-03,,12,http://localhost:1337/trail-route-map.html?id=2835,2025-11-24 13:20:21-03,199,199,2025-11-27 07:48:05.146-03,2026-02-20 23:30:04.670658-03
2836,452,2025-08-31 10:20:40.059-03,,1,http://localhost:1337/trail-route-map.html?id=2836,2025-08-31 10:47:11.508-03,8,8,2025-08-31 06:59:59-03,2026-02-20 23:30:04.670658-03
2837,452,2025-09-01 08:16:25.423-03,,2,http://localhost:1337/trail-route-map.html?id=2837,2025-08-31 16:34:05.792-03,8,8,2025-08-31 10:20:40.059-03,2026-02-20 23:30:04.670658-03
2838,452,2025-09-04 07:52:04.968-03,,3,http://localhost:1337/trail-route-map.html?id=2838,2025-09-01 08:41:20.687-03,8,8,2025-09-01 08:16:25.423-03,2026-02-20 23:30:04.670658-03
2839,452,2025-09-07 10:48:12.835-03,,4,http://localhost:1337/trail-route-map.html?id=2839,2025-09-01 17:42:42.63-03,8,8,2025-09-04 07:52:04.968-03,2026-02-20 23:30:04.670658-03
2840,452,2025-09-08 09:50:19.953-03,,5,http://localhost:1337/trail-route-map.html?id=2840,2025-09-02 08:39:58.265-03,8,8,2025-09-07 10:48:12.835-03,2026-02-20 23:30:04.670658-03
2841,452,2025-09-11 10:57:57.226-03,,6,http://localhost:1337/trail-route-map.html?id=2841,2025-09-02 15:57:59.264-03,8,8,2025-09-08 09:50:19.953-03,2026-02-20 23:30:04.670658-03
2842,452,2025-09-17 09:45:04.016-03,,7,http://localhost:1337/trail-route-map.html?id=2842,2025-09-03 13:49:59.505-03,8,8,2025-09-11 10:57:57.226-03,2026-02-20 23:30:04.670658-03
2843,452,2025-09-18 08:44:21.261-03,,8,http://localhost:1337/trail-route-map.html?id=2843,2025-09-03 18:22:21.111-03,8,8,2025-09-17 09:45:04.016-03,2026-02-20 23:30:04.670658-03
2844,452,2025-09-19 08:34:21.261-03,,9,http://localhost:1337/trail-route-map.html?id=2844,2025-09-04 10:56:11.134-03,8,8,2025-09-18 08:44:21.261-03,2026-02-20 23:30:04.670658-03
2845,452,2025-09-20 08:04:21.261-03,,10,http://localhost:1337/trail-route-map.html?id=2845,2025-09-04 18:37:59.736-03,8,8,2025-09-19 08:34:21.261-03,2026-02-20 23:30:04.670658-03
2846,452,2025-09-23 06:35:59.647-03,,11,http://localhost:1337/trail-route-map.html?id=2846,2025-09-05 13:45:02.131-03,8,8,2025-09-20 08:04:21.261-03,2026-02-20 23:30:04.670658-03
2847,452,2025-09-26 09:10:16.877-03,,12,http://localhost:1337/trail-route-map.html?id=2847,2025-09-05 19:59:59-03,8,8,2025-09-23 06:35:59.647-03,2026-02-20 23:30:04.670658-03
2848,453,2025-09-20 09:39:18.595-03,,13,http://localhost:1337/trail-route-map.html?id=2848,2025-09-20 10:53:11.076-03,13,13,2025-09-20 09:02:54-03,2026-02-20 23:30:04.670658-03
2849,453,2025-09-21 07:02:44.61-03,,12,http://localhost:1337/trail-route-map.html?id=2849,2025-09-21 07:30:42.511-03,13,13,2025-09-20 09:39:18.595-03,2026-02-20 23:30:04.670658-03
2850,453,2025-09-21 08:53:06.658-03,,11,http://localhost:1337/trail-route-map.html?id=2850,2025-09-21 17:02:54-03,13,13,2025-09-21 07:02:44.61-03,2026-02-20 23:30:04.670658-03
2854,455,2026-02-17 15:16:13.952-03,,13,http://localhost:1337/trail-route-map.html?id=2854,2026-02-19 06:57:02.034-03,28,28,2026-02-17 14:39:51-03,2026-02-20 23:30:04.670658-03
2855,455,2026-02-17 17:39:38.346-03,,12,http://localhost:1337/trail-route-map.html?id=2855,2026-02-20 14:18:59.545-03,28,28,2026-02-17 15:16:13.952-03,2026-02-20 23:30:04.670658-03
2862,457,2025-04-03 06:53:12.113-03,,11,http://localhost:1337/trail-route-map.html?id=2862,2025-04-02 08:04:20-03,136,136,2025-03-31 08:27:30.987-03,2026-02-20 23:30:04.670658-03
2866,459,2025-02-12 06:22:33.674-03,,13,http://localhost:1337/trail-route-map.html?id=2866,2025-02-11 14:35:44.013-03,15,15,2025-02-11 10:46:14-03,2026-02-20 23:30:04.670658-03
2867,459,2025-02-12 08:45:54.827-03,,12,http://localhost:1337/trail-route-map.html?id=2867,2025-02-11 18:23:54.782-03,15,15,2025-02-12 06:22:33.674-03,2026-02-20 23:30:04.670658-03
2868,459,2025-02-12 10:36:13.134-03,,11,http://localhost:1337/trail-route-map.html?id=2868,2025-02-12 09:46:14-03,15,15,2025-02-12 08:45:54.827-03,2026-02-20 23:30:04.670658-03
2871,460,2026-02-16 06:45:35.036-03,,11,http://localhost:1337/trail-route-map.html?id=2871,2026-02-15 09:35:09-03,91,91,2026-02-13 08:23:12.574-03,2026-02-20 23:30:04.670658-03
2872,461,2026-02-16 07:22:45.81-03,,1,http://localhost:1337/trail-route-map.html?id=2872,2026-02-18 08:42:01.073-03,13,13,2026-02-16 06:16:05-03,2026-02-20 23:30:04.670658-03
2873,461,2026-02-16 08:21:09.656-03,,2,http://localhost:1337/trail-route-map.html?id=2873,2026-02-20 14:18:58.926-03,13,13,2026-02-16 07:22:45.81-03,2026-02-20 23:30:04.670658-03
2877,462,2025-07-11 06:40:32.4-03,,11,http://localhost:1337/trail-route-map.html?id=2877,2025-07-10 08:01:26-03,105,105,2025-07-08 08:20:21.476-03,2026-02-20 23:30:04.670658-03
2879,463,2025-12-02 09:58:34.939-03,,2,http://localhost:1337/trail-route-map.html?id=2879,2025-12-02 16:24:00.654-03,10,10,2025-12-02 07:03:29.018-03,2026-02-20 23:30:04.670658-03
2881,463,2025-12-09 07:54:31.246-03,,4,http://localhost:1337/trail-route-map.html?id=2881,2025-12-05 10:20:56.149-03,10,10,2025-12-05 10:18:56.051-03,2026-02-20 23:30:04.670658-03
2882,463,2025-12-10 06:55:44.043-03,,5,http://localhost:1337/trail-route-map.html?id=2882,2025-12-06 09:03:13.529-03,10,10,2025-12-09 07:54:31.246-03,2026-02-20 23:30:04.670658-03
2883,463,2025-12-13 07:44:53.945-03,,6,http://localhost:1337/trail-route-map.html?id=2883,2025-12-07 14:43:33-03,10,10,2025-12-10 06:55:44.043-03,2026-02-20 23:30:04.670658-03
2884,464,2024-11-29 14:09:16.537-03,,1,http://localhost:1337/trail-route-map.html?id=2884,2024-11-29 14:49:20.138-03,161,161,2024-11-29 13:02:40-03,2026-02-20 23:30:04.670658-03
2885,464,2024-11-29 15:07:36.64-03,,2,http://localhost:1337/trail-route-map.html?id=2885,2024-11-29 16:45:56.905-03,161,161,2024-11-29 14:09:16.537-03,2026-02-20 23:30:04.670658-03
2886,464,2024-11-29 17:06:06.574-03,,3,http://localhost:1337/trail-route-map.html?id=2886,2024-11-30 06:31:06.187-03,161,161,2024-11-29 15:07:36.64-03,2026-02-20 23:30:04.670658-03
2887,464,2024-11-30 06:01:48.022-03,,4,http://localhost:1337/trail-route-map.html?id=2887,2024-11-30 10:06:43.045-03,161,161,2024-11-29 17:06:06.574-03,2026-02-20 23:30:04.670658-03
2888,464,2024-11-30 07:42:59.305-03,,5,http://localhost:1337/trail-route-map.html?id=2888,2024-11-30 15:06:02.733-03,161,161,2024-11-30 06:22:37.615-03,2026-02-20 23:30:04.670658-03
2889,464,2024-11-30 09:54:06.115-03,,6,http://localhost:1337/trail-route-map.html?id=2889,2024-11-30 17:02:40-03,161,161,2024-11-30 07:42:59.305-03,2026-02-20 23:30:04.670658-03
2890,465,2026-01-29 07:38:20.403-03,,1,http://localhost:1337/trail-route-map.html?id=2890,2026-01-29 09:00:04.027-03,8,8,2026-01-29 06:31:46-03,2026-02-20 23:30:04.670658-03
2891,465,2026-01-29 08:36:38.638-03,,2,http://localhost:1337/trail-route-map.html?id=2891,2026-01-29 15:29:14.559-03,8,8,2026-01-29 07:38:20.403-03,2026-02-20 23:30:04.670658-03
2892,465,2026-01-29 10:35:07.234-03,,3,http://localhost:1337/trail-route-map.html?id=2892,2026-01-30 06:46:44.469-03,8,8,2026-01-29 08:36:38.638-03,2026-02-20 23:30:04.670658-03
2893,465,2026-01-30 08:00:47.037-03,,4,http://localhost:1337/trail-route-map.html?id=2893,2026-01-30 13:44:51.088-03,8,8,2026-01-29 10:35:07.234-03,2026-02-20 23:30:04.670658-03
2894,465,2026-01-30 09:21:06.154-03,,5,http://localhost:1337/trail-route-map.html?id=2894,2026-01-30 16:35:05.404-03,8,8,2026-01-30 08:00:47.037-03,2026-02-20 23:30:04.670658-03
2895,465,2026-01-31 06:32:11.483-03,,6,http://localhost:1337/trail-route-map.html?id=2895,2026-01-30 19:31:46-03,8,8,2026-01-30 09:21:06.154-03,2026-02-20 23:30:04.670658-03
2896,466,2025-02-15 07:25:04.817-03,,1,http://localhost:1337/trail-route-map.html?id=2896,2025-02-14 18:13:25.243-03,185,185,2025-02-14 09:05:28-03,2026-02-20 23:30:04.670658-03
2897,466,2025-02-15 10:19:53.924-03,,2,http://localhost:1337/trail-route-map.html?id=2897,2025-02-15 15:09:48.195-03,185,185,2025-02-15 07:25:04.817-03,2026-02-20 23:30:04.670658-03
2899,466,2025-02-22 07:38:58.819-03,,4,http://localhost:1337/trail-route-map.html?id=2899,2025-02-18 07:06:36.325-03,185,185,2025-02-18 10:11:57.621-03,2026-02-20 23:30:04.670658-03
2900,466,2025-02-23 06:39:48.459-03,,5,http://localhost:1337/trail-route-map.html?id=2900,2025-02-18 17:37:47.667-03,185,185,2025-02-22 07:38:58.819-03,2026-02-20 23:30:04.670658-03
2901,466,2025-02-26 07:21:16.6-03,,6,http://localhost:1337/trail-route-map.html?id=2901,2025-02-19 18:05:28-03,185,185,2025-02-23 06:39:48.459-03,2026-02-20 23:30:04.670658-03
2902,467,2025-07-28 07:43:41.143-03,,1,http://localhost:1337/trail-route-map.html?id=2902,2025-07-28 08:11:37.838-03,101,101,2025-07-28 06:37:11-03,2026-02-20 23:30:04.670658-03
2903,467,2025-07-28 08:41:55.648-03,,2,http://localhost:1337/trail-route-map.html?id=2903,2025-07-28 14:40:14.32-03,101,101,2025-07-28 07:43:41.143-03,2026-02-20 23:30:04.670658-03
2904,467,2025-07-28 10:40:21.57-03,,3,http://localhost:1337/trail-route-map.html?id=2904,2025-07-28 16:57:11.285-03,101,101,2025-07-28 08:41:55.648-03,2026-02-20 23:30:04.670658-03
2905,467,2025-07-29 08:05:58.085-03,,4,http://localhost:1337/trail-route-map.html?id=2905,2025-07-29 07:00:48.571-03,101,101,2025-07-28 10:40:21.57-03,2026-02-20 23:30:04.670658-03
2906,467,2025-07-29 09:26:12.064-03,,5,http://localhost:1337/trail-route-map.html?id=2906,2025-07-29 08:59:52.88-03,101,101,2025-07-29 08:05:58.085-03,2026-02-20 23:30:04.670658-03
2907,467,2025-07-30 06:37:14.435-03,,6,http://localhost:1337/trail-route-map.html?id=2907,2025-07-29 08:37:11-03,101,101,2025-07-29 09:26:12.064-03,2026-02-20 23:30:04.670658-03
2856,455,,,11,http://localhost:1337/trail-route-map.html?id=2856,,28,28,2026-02-17 17:39:38.346-03,2026-02-21 00:42:51.139355-03
2874,461,,,3,http://localhost:1337/trail-route-map.html?id=2874,,13,13,2026-02-16 08:21:09.656-03,2026-02-21 00:42:51.139355-03
